© Landesamt fü,,,,,,
"r Statistik Niedersachsen, 2018.",,,,,,
"Vervielfältigung und Verbreitung, auch auszugsweise, mit Quellenangabe gestattet.",,,,,,
,,,,,,
LSN-Online: Tabelle Z7360122,,,,,,
,,,,,,
Monatserhebung im Tourismus in Niedersachsen (Gebietsstand: 01.07.2017),,,,,,
- Geöffnete Beherbergungsbetriebe mit mindestens 10 Betten und geöffnete Campinglätze mit mindestens 10 Stellplätzen -,,,,,,
 ,,,,,,
Zeitraum: Jahr*,,,,,,
,,,,,,
"Niedersachsen
Statistische Region*
Kreis*
Gemeinde*
------
Jahr",Ankünfte,,Übernachtungen,,durchschnittl.,
," 
 
Insgesamt",".Bundes-
republik
Dtschl.*"," 
 
Insgesamt",".Bundes-
republik
Dtschl.*","Aufent-
halts-
dauer  ","Auslastung
der Schlaf-
gelegen-
heiten"
,1,2,3,4,5,6
0       Niedersachsen            ,,,,,,
 ,,,,,,
2009,11570048,10418362,37483030,34689075,"3,2","29,9"
2010,12015901,10725466,38360272,35258834,"3,2","30,1"
2011,12452049,11093870,39319170,35954094,"3,2","30,8"
2012,12729940,11353834,40003513,36494522,"3,1","30,9"
2013,12802440,11403669,39901045,36344364,"3,1","31,3"
2014,13080201,11663031,40423767,36866937,"3,1","32,2"
2015,13444539,11964721,41310035,37658096,"3,1","32,5"
2016,14096660,12567370,42766712,39070697,"3,0","33,3"
2017,14495990,12917154,43494781,39725374,"3,0","33,6"
2018,-,-,-,-,-,-
 ,,,,,,
Veränd. zum Vorjahr ,,,,,,
2009,"1,9","2,6","1,8","2,2","-0,1","-0,3"
2010,"3,9","2,9","2,3","1,6","-1,5","0,6"
2011,"3,6","3,4","2,5","2,0","-1,1","2,4"
2012,"2,2","2,3","1,7","1,5","-0,5","0,2"
2013,"0,6","0,4","-0,3","-0,4","-0,8","1,3"
2014,"2,2","2,3","1,3","1,4","-0,8","3,0"
2015,"2,8","2,6","2,2","2,1","-0,6","0,7"
2016,"4,9","5,0","3,5","3,8","-1,3","2,6"
2017,"2,8","2,8","1,7","1,7","-1,1","0,8"
2018,"-100,0","-100,0","-100,0","-100,0","-100,0","-100,0"
 ,,,,,,
2009 = 100 ,,,,,,
2009,"100,0","100,0","100,0","100,0","100,0","100,0"
2010,"103,9","102,9","102,3","101,6","98,5","100,6"
2011,"107,6","106,5","104,9","103,6","97,5","103,0"
2012,"110,0","109,0","106,7","105,2","97,0","103,2"
2013,"110,7","109,5","106,5","104,8","96,2","104,5"
2014,"113,1","111,9","107,8","106,3","95,4","107,6"
2015,"116,2","114,8","110,2","108,6","94,8","108,4"
2016,"121,8","120,6","114,1","112,6","93,6","111,2"
2017,"125,3","124,0","116,0","114,5","92,6","112,2"
2018,-,-,-,-,-,-
1       Braunschweig             ,,,,,,
 ,,,,,,
2009,2256483,1978150,6022504,5324070,"2,7","26,4"
2010,2316694,2029203,6098696,5378878,"2,6","27,0"
2011,2386750,2092887,6245070,5493634,"2,6","27,7"
2012,2434443,2139447,6468627,5676359,"2,7","28,9"
2013,2426662,2115276,6473930,5594989,"2,7","29,7"
2014,2528762,2199342,6516128,5642704,"2,6","29,9"
2015,2629755,2270347,6732199,5817202,"2,6","30,2"
2016,2710158,2325985,6782120,5869594,"2,5","30,5"
2017,2794037,2403103,6795158,5894964,"2,4","30,7"
2018,-,-,-,-,-,-
 ,,,,,,
Veränd. zum Vorjahr ,,,,,,
2009,"3,0","3,9","2,6","3,1","-0,4","0,1"
2010,"2,7","2,6","1,3","1,0","-1,4","2,0"
2011,"3,0","3,1","2,4","2,1","-0,6","2,6"
2012,"2,0","2,2","3,6","3,3","1,6","4,2"
2013,"-0,3","-1,1","0,1","-1,4","0,4","3,0"
2014,"4,2","4,0","0,7","0,9","-3,4","0,6"
2015,"4,0","3,2","3,3","3,1","-0,7","1,2"
2016,"3,1","2,5","0,7","0,9","-2,2","0,8"
2017,"3,1","3,3","0,2","0,4","-2,8","0,8"
2018,"-100,0","-100,0","-100,0","-100,0","-100,0","-100,0"
 ,,,,,,
2009 = 100 ,,,,,,
2009,"100,0","100,0","100,0","100,0","100,0","100,0"
2010,"102,7","102,6","101,3","101,0","98,6","102,0"
2011,"105,8","105,8","103,7","103,2","98,0","104,7"
2012,"107,9","108,2","107,4","106,6","99,6","109,1"
2013,"107,5","106,9","107,5","105,1","100,0","112,4"
2014,"112,1","111,2","108,2","106,0","96,5","113,0"
2015,"116,5","114,8","111,8","109,3","95,9","114,4"
2016,"120,1","117,6","112,6","110,2","93,8","115,3"
2017,"123,8","121,5","112,8","110,7","91,1","116,2"
2018,-,-,-,-,-,-
"101     Braunschweig,Stadt       ",,,,,,
 ,,,,,,
2009,257208,218010,464909,379947,"1,8","34,5"
2010,265425,227232,474416,388825,"1,8","35,5"
2011,274552,239479,486336,409560,"1,8","36,7"
2012,281029,248236,504198,428183,"1,8","37,7"
2013,293040,254691,535860,449224,"1,8","38,8"
2014,317968,272313,557170,461617,"1,8","38,9"
2015,324051,275340,580453,479592,"1,8","38,2"
2016,367214,306314,614717,505613,"1,7","36,4"
2017,423700,350056,681662,553129,"1,6","38,4"
2018,-,-,-,-,-,-
 ,,,,,,
Veränd. zum Vorjahr ,,,,,,
2009,"4,8","6,3","0,3","1,8","-4,3","-5,5"
2010,"3,2","4,2","2,0","2,3","-1,1","2,9"
2011,"3,4","5,4","2,5","5,3","-0,9","3,5"
2012,"2,4","3,7","3,7","4,5","1,3","2,7"
2013,"4,3","2,6","6,3","4,9","1,9","2,8"
2014,"8,5","6,9","4,0","2,8","-4,2","0,4"
2015,"1,9","1,1","4,2","3,9","2,2","-1,8"
2016,"13,3","11,2","5,9","5,4","-6,5","-4,8"
2017,"15,4","14,3","10,9","9,4","-3,9","5,4"
2018,"-100,0","-100,0","-100,0","-100,0","-100,0","-100,0"
 ,,,,,,
2009 = 100 ,,,,,,
2009,"100,0","100,0","100,0","100,0","100,0","100,0"
2010,"103,2","104,2","102,0","102,3","98,9","102,9"
2011,"106,7","109,8","104,6","107,8","98,0","106,4"
2012,"109,3","113,9","108,5","112,7","99,3","109,3"
2013,"113,9","116,8","115,3","118,2","101,2","112,4"
2014,"123,6","124,9","119,8","121,5","96,9","112,9"
2015,"126,0","126,3","124,9","126,2","99,1","110,8"
2016,"142,8","140,5","132,2","133,1","92,6","105,5"
2017,"164,7","160,6","146,6","145,6","89,0","111,2"
2018,-,-,-,-,-,-
"102     Salzgitter,Stadt         ",,,,,,
 ,,,,,,
2009,40756,37363,105151,93784,"2,6","33,9"
2010,42158,38857,132474,122886,"3,1","35,7"
2011,46481,42789,133263,123653,"2,9","34,8"
2012,45105,40785,154949,141242,"3,4","40,7"
2013,47370,42688,160969,142026,"3,4","41,8"
2014,46096,40940,135989,117796,"3,0","34,6"
2015,50214,44450,153601,127479,"3,1","34,1"
2016,53272,47062,148709,130797,"2,8","34,9"
2017,56534,49389,155793,133120,"2,8","35,2"
2018,-,-,-,-,-,-
 ,,,,,,
Veränd. zum Vorjahr ,,,,,,
2009,"3,1","5,9","21,7","21,2","18,1","7,6"
2010,"3,4","4,0","26,0","31,0","21,8","5,4"
2011,"10,3","10,1","0,6","0,6","-8,8","-2,7"
2012,"-3,0","-4,7","16,3","14,2","19,8","17,1"
2013,"5,0","4,7","3,9","0,6","-1,1","2,7"
2014,"-2,7","-4,1","-15,5","-17,1","-13,2","-17,1"
2015,"8,9","8,6","13,0","8,2","3,7","-1,6"
2016,"6,1","5,9","-3,2","2,6","-8,7","2,4"
2017,"6,1","4,9","4,8","1,8","-1,3","1,0"
2018,"-100,0","-100,0","-100,0","-100,0","-100,0","-100,0"
 ,,,,,,
2009 = 100 ,,,,,,
2009,"100,0","100,0","100,0","100,0","100,0","100,0"
2010,"103,4","104,0","126,0","131,0","121,8","105,4"
2011,"114,0","114,5","126,7","131,8","111,1","102,6"
2012,"110,7","109,2","147,4","150,6","133,2","120,1"
2013,"116,2","114,3","153,1","151,4","131,7","123,3"
2014,"113,1","109,6","129,3","125,6","114,3","102,2"
2015,"123,2","119,0","146,1","135,9","118,6","100,5"
2016,"130,7","126,0","141,4","139,5","108,2","102,9"
2017,"138,7","132,2","148,2","141,9","106,8","103,9"
2018,-,-,-,-,-,-
"103     Wolfsburg,Stadt          ",,,,,,
 ,,,,,,
2009,226643,193696,461459,373657,"2,0","36,5"
2010,232840,195900,475434,376468,"2,0","37,7"
2011,248425,211942,505009,412405,"2,0","38,6"
2012,237587,204563,509701,415471,"2,1","37,7"
2013,227742,192299,490106,381678,"2,2","35,8"
2014,281300,232273,493629,399489,"1,8","34,9"
2015,326707,263987,556074,443750,"1,7","35,1"
2016,323876,254941,543474,426037,"1,7","34,3"
2017,323476,253487,528951,413756,"1,6","33,4"
2018,-,-,-,-,-,-
 ,,,,,,
Veränd. zum Vorjahr ,,,,,,
2009,"3,4","7,2","3,0","8,2","-0,3","0,7"
2010,"2,7","1,1","3,0","0,8","0,3","3,3"
2011,"6,7","8,2","6,2","9,5","-0,4","2,3"
2012,"-4,4","-3,5","0,9","0,7","5,5","-2,4"
2013,"-4,1","-6,0","-3,8","-8,1","0,3","-5,1"
2014,"23,5","20,8","0,7","4,7","-18,5","-2,5"
2015,"16,1","13,7","12,7","11,1","-3,0","0,8"
2016,"-0,9","-3,4","-2,3","-4,0","-1,4","-2,4"
2017,"-0,1","-0,6","-2,7","-2,9","-2,6","-2,6"
2018,"-100,0","-100,0","-100,0","-100,0","-100,0","-100,0"
 ,,,,,,
2009 = 100 ,,,,,,
2009,"100,0","100,0","100,0","100,0","100,0","100,0"
2010,"102,7","101,1","103,0","100,8","100,3","103,3"
2011,"109,6","109,4","109,4","110,4","99,8","105,6"
2012,"104,8","105,6","110,5","111,2","105,4","103,1"
2013,"100,5","99,3","106,2","102,1","105,7","97,9"
2014,"124,1","119,9","107,0","106,9","86,2","95,5"
2015,"144,2","136,3","120,5","118,8","83,6","96,2"
2016,"142,9","131,6","117,8","114,0","82,4","93,9"
2017,"142,7","130,9","114,6","110,7","80,3","91,4"
2018,-,-,-,-,-,-
151     Gifhorn                  ,,,,,,
 ,,,,,,
2009,119349,108643,331069,285187,"2,8","20,7"
2010,122869,111145,331332,293122,"2,7","22,5"
2011,130233,117231,373587,327925,"2,9","25,0"
2012,146011,129728,408286,352750,"2,8","28,3"
2013,147775,131557,418410,352023,"2,8","31,6"
2014,144423,130143,413451,352702,"2,9","31,1"
2015,140607,126186,404980,343621,"2,9","28,0"
2016,131045,118144,367855,310633,"2,8","25,0"
2017,124903,111812,309847,275664,"2,5","21,9"
2018,-,-,-,-,-,-
 ,,,,,,
Veränd. zum Vorjahr ,,,,,,
2009,"6,1","6,7","5,4","5,4","-0,6","-10,2"
2010,"2,9","2,3","0,1","2,8","-2,8","8,9"
2011,"6,0","5,5","12,8","11,9","6,4","11,0"
2012,"12,1","10,7","9,3","7,6","-2,5","13,3"
2013,"1,2","1,4","2,5","-0,2","1,3","11,7"
2014,"-2,3","-1,1","-1,2","0,2","1,1","-1,7"
2015,"-2,6","-3,0","-2,0","-2,6","0,6","-9,7"
2016,"-6,8","-6,4","-9,2","-9,6","-2,5","-10,8"
2017,"-4,7","-5,4","-15,8","-11,3","-11,6","-12,4"
2018,"-100,0","-100,0","-100,0","-100,0","-100,0","-100,0"
 ,,,,,,
2009 = 100 ,,,,,,
2009,"100,0","100,0","100,0","100,0","100,0","100,0"
2010,"102,9","102,3","100,1","102,8","97,2","108,9"
2011,"109,1","107,9","112,8","115,0","103,4","120,9"
2012,"122,3","119,4","123,3","123,7","100,8","136,9"
2013,"123,8","121,1","126,4","123,4","102,1","152,9"
2014,"121,0","119,8","124,9","123,7","103,2","150,4"
2015,"117,8","116,1","122,3","120,5","103,8","135,7"
2016,"109,8","108,7","111,1","108,9","101,2","121,1"
2017,"104,7","102,9","93,6","96,7","89,4","106,0"
2018,-,-,-,-,-,-
153     Goslar                   ,,,,,,
 ,,,,,,
2009,660139,582864,2217720,1991495,"3,4","25,7"
2010,690828,608457,2282164,2038633,"3,3","26,2"
2011,699535,613817,2301957,2044333,"3,3","26,8"
2012,719031,632345,2406597,2136039,"3,3","28,6"
2013,708647,620684,2370213,2099264,"3,3","28,6"
2014,718715,636107,2361040,2100519,"3,3","28,3"
2015,744270,653875,2409283,2138246,"3,2","28,8"
2016,757062,670632,2452713,2192794,"3,2","29,9"
2017,763862,676372,2438815,2187499,"3,2","31,2"
2018,-,-,-,-,-,-
 ,,,,,,
Veränd. zum Vorjahr ,,,,,,
2009,"2,4","2,3","0,7","0,4","-1,7","1,4"
2010,"4,6","4,4","2,9","2,4","-1,7","1,9"
2011,"1,3","0,9","0,9","0,3","-0,4","2,3"
2012,"2,8","3,0","4,5","4,5","1,7","6,6"
2013,"-1,4","-1,8","-1,5","-1,7","-0,1","0,2"
2014,"1,4","2,5","-0,4","0,1","-1,8","-1,2"
2015,"3,6","2,8","2,0","1,8","-1,5","1,8"
2016,"1,7","2,6","1,8","2,6","0,1","4,0"
2017,"0,9","0,9","-0,6","-0,2","-1,5","4,0"
2018,"-100,0","-100,0","-100,0","-100,0","-100,0","-100,0"
 ,,,,,,
2009 = 100 ,,,,,,
2009,"100,0","100,0","100,0","100,0","100,0","100,0"
2010,"104,6","104,4","102,9","102,4","98,3","101,9"
2011,"106,0","105,3","103,8","102,7","98,0","104,3"
2012,"108,9","108,5","108,5","107,3","99,6","111,1"
2013,"107,3","106,5","106,9","105,4","99,6","111,3"
2014,"108,9","109,1","106,5","105,5","97,8","110,0"
2015,"112,7","112,2","108,6","107,4","96,4","112,0"
2016,"114,7","115,1","110,6","110,1","96,4","116,4"
2017,"115,7","116,0","110,0","109,8","95,0","121,1"
2018,-,-,-,-,-,-
154     Helmstedt                ,,,,,,
 ,,,,,,
2009,92756,76446,169920,143246,"1,8","22,1"
2010,94132,78852,171183,145567,"1,8","22,3"
2011,98130,82346,169432,144039,"1,7","22,3"
2012,99498,84474,163753,139699,"1,6","22,6"
2013,105626,88550,175733,146666,"1,7","24,6"
2014,95358,77420,158431,129444,"1,7","22,9"
2015,94161,75945,159112,129237,"1,7","23,5"
2016,105458,74207,171478,128909,"1,6","24,7"
2017,94914,78549,165899,137782,"1,7","23,8"
2018,-,-,-,-,-,-
 ,,,,,,
Veränd. zum Vorjahr ,,,,,,
2009,"-5,2","-8,8","-3,0","-7,0","2,3","-6,1"
2010,"1,5","3,1","0,7","1,6","-0,7","1,2"
2011,"4,2","4,4","-1,0","-1,0","-5,1","-0,1"
2012,"1,4","2,6","-3,4","-3,0","-4,7","1,2"
2013,"6,2","4,8","7,3","5,0","1,1","8,7"
2014,"-9,7","-12,6","-9,8","-11,7","-0,1","-6,6"
2015,"-1,3","-1,9","0,4","-0,2","1,7","2,5"
2016,"12,0","-2,3","7,8","-0,3","-3,8","4,9"
2017,"-10,0","5,9","-3,3","6,9","7,5","-3,6"
2018,"-100,0","-100,0","-100,0","-100,0","-100,0","-100,0"
 ,,,,,,
2009 = 100 ,,,,,,
2009,"100,0","100,0","100,0","100,0","100,0","100,0"
2010,"101,5","103,1","100,7","101,6","99,3","101,2"
2011,"105,8","107,7","99,7","100,6","94,3","101,1"
2012,"107,3","110,5","96,4","97,5","89,8","102,3"
2013,"113,9","115,8","103,4","102,4","90,8","111,2"
2014,"102,8","101,3","93,2","90,4","90,7","103,8"
2015,"101,5","99,3","93,6","90,2","92,2","106,4"
2016,"113,7","97,1","100,9","90,0","88,8","111,6"
2017,"102,3","102,8","97,6","96,2","95,4","107,7"
2018,-,-,-,-,-,-
155     Northeim                 ,,,,,,
 ,,,,,,
2009,172288,153855,544425,512742,"3,2","25,8"
2010,170914,155059,535384,505473,"3,1","24,9"
2011,167453,151765,527398,495607,"3,1","25,6"
2012,160121,144197,510984,480137,"3,2","25,8"
2013,152307,138545,485242,457482,"3,2","25,8"
2014,160007,147286,483303,456188,"3,0","26,8"
2015,154794,142508,451962,427975,"2,9","24,1"
2016,152111,139264,439060,413553,"2,9","24,9"
2017,154101,140926,445322,418391,"2,9","23,8"
2018,-,-,-,-,-,-
 ,,,,,,
Veränd. zum Vorjahr ,,,,,,
2009,"7,7","7,4","6,1","6,0","-1,5","1,6"
2010,"-0,8","0,8","-1,7","-1,4","-0,9","-3,3"
2011,"-2,0","-2,1","-1,5","-2,0","0,5","2,6"
2012,"-4,4","-5,0","-3,1","-3,1","1,3","0,7"
2013,"-4,9","-3,9","-5,0","-4,7","-0,2",-
2014,"5,1","6,3","-0,4","-0,3","-5,2","3,9"
2015,"-3,3","-3,2","-6,5","-6,2","-3,3","-10,0"
2016,"-1,7","-2,3","-2,9","-3,4","-1,1","3,4"
2017,"1,3","1,2","1,4","1,2","0,1","-4,5"
2018,"-100,0","-100,0","-100,0","-100,0","-100,0","-100,0"
 ,,,,,,
2009 = 100 ,,,,,,
2009,"100,0","100,0","100,0","100,0","100,0","100,0"
2010,"99,2","100,8","98,3","98,6","99,1","96,7"
2011,"97,2","98,6","96,9","96,7","99,7","99,2"
2012,"92,9","93,7","93,9","93,6","101,0","100,0"
2013,"88,4","90,0","89,1","89,2","100,8","100,0"
2014,"92,9","95,7","88,8","89,0","95,6","103,8"
2015,"89,8","92,6","83,0","83,5","92,4","93,5"
2016,"88,3","90,5","80,6","80,7","91,3","96,6"
2017,"89,4","91,6","81,8","81,6","91,5","92,3"
2018,-,-,-,-,-,-
157     Peine                    ,,,,,,
 ,,,,,,
2009,46048,39741,93532,79910,"2,0","27,7"
2010,50938,44156,107526,91965,"2,1","29,2"
2011,53045,45742,108064,92784,"2,0","29,3"
2012,57389,49915,107230,94041,"1,9","30,8"
2013,55997,47833,99962,85228,"1,8","29,4"
2014,54028,46027,95861,80739,"1,8","29,8"
2015,53006,45602,96788,82127,"1,8","31,0"
2016,49193,42471,90252,76633,"1,8","28,0"
2017,52957,45586,94774,81371,"1,8","28,1"
2018,-,-,-,-,-,-
 ,,,,,,
Veränd. zum Vorjahr ,,,,,,
2009,"6,8","9,2","7,5","8,5","0,7","-11,2"
2010,"10,6","11,1","15,0","15,1","3,9","5,1"
2011,"4,1","3,6","0,5","0,9","-3,5","0,6"
2012,"8,2","9,1","-0,8","1,4","-8,3","5,2"
2013,"-2,4","-4,2","-6,8","-9,4","-4,5","-4,7"
2014,"-3,5","-3,8","-4,1","-5,3","-0,6","1,4"
2015,"-1,9","-0,9","1,0","1,7","2,9","3,9"
2016,"-7,2","-6,9","-6,8","-6,7","0,5","-9,5"
2017,"7,7","7,3","5,0","6,2","-2,5","0,4"
2018,"-100,0","-100,0","-100,0","-100,0","-100,0","-100,0"
 ,,,,,,
2009 = 100 ,,,,,,
2009,"100,0","100,0","100,0","100,0","100,0","100,0"
2010,"110,6","111,1","115,0","115,1","103,9","105,1"
2011,"115,2","115,1","115,5","116,1","100,3","105,7"
2012,"124,6","125,6","114,6","117,7","92,0","111,2"
2013,"121,6","120,4","106,9","106,7","87,9","106,0"
2014,"117,3","115,8","102,5","101,0","87,4","107,5"
2015,"115,1","114,7","103,5","102,8","89,9","111,6"
2016,"106,8","106,9","96,5","95,9","90,3","101,0"
2017,"115,0","114,7","101,3","101,8","88,1","101,4"
2018,-,-,-,-,-,-
158     Wolfenbüttel             ,,,,,,
 ,,,,,,
2009,43929,39688,94830,85482,"2,2","26,7"
2010,49231,45304,112469,102775,"2,3","23,6"
2011,54283,49929,134941,118432,"2,5","26,8"
2012,56527,52256,141695,124178,"2,5","28,5"
2013,54863,50437,139624,122662,"2,5","28,5"
2014,55555,50786,142466,122609,"2,6","30,0"
2015,55279,50314,142095,121980,"2,6","28,7"
2016,48607,44308,124151,104220,"2,6","29,6"
2017,47532,43496,123405,102466,"2,6","30,1"
2018,-,-,-,-,-,-
 ,,,,,,
Veränd. zum Vorjahr ,,,,,,
2009,"3,3","5,9","11,1","15,2","7,5","-6,5"
2010,"12,1","14,2","18,6","20,2","5,8","-11,7"
2011,"10,3","10,2","20,0","15,2","8,8","13,7"
2012,"4,1","4,7","5,0","4,9","0,8","6,4"
2013,"-2,9","-3,5","-1,5","-1,2","1,5",-
2014,"1,3","0,7","2,0",-,"0,8","5,1"
2015,"-0,5","-0,9","-0,3","-0,5","0,2","-4,5"
2016,"-12,1","-11,9","-12,6","-14,6","-0,6","3,2"
2017,"-2,2","-1,8","-0,6","-1,7","1,6","1,8"
2018,"-100,0","-100,0","-100,0","-100,0","-100,0","-100,0"
 ,,,,,,
2009 = 100 ,,,,,,
2009,"100,0","100,0","100,0","100,0","100,0","100,0"
2010,"112,1","114,2","118,6","120,2","105,8","88,3"
2011,"123,6","125,8","142,3","138,5","115,2","100,5"
2012,"128,7","131,7","149,4","145,3","116,1","106,9"
2013,"124,9","127,1","147,2","143,5","117,9","106,8"
2014,"126,5","128,0","150,2","143,4","118,8","112,3"
2015,"125,8","126,8","149,8","142,7","119,1","107,3"
2016,"110,6","111,6","130,9","121,9","118,3","110,7"
2017,"108,2","109,6","130,1","119,9","120,3","112,7"
2018,-,-,-,-,-,-
159     Göttingen                ,,,,,,
 ,,,,,,
2009,597367,527844,1539489,1378620,"2,6","25,4"
2010,597359,524241,1476314,1313164,"2,5","25,9"
2011,614613,537847,1505083,1324896,"2,4","26,1"
2012,632145,552948,1561234,1364619,"2,5","26,3"
2013,633295,547992,1597811,1358736,"2,5","28,4"
2014,655312,566047,1674788,1421601,"2,6","29,9"
2015,686666,592140,1777851,1523195,"2,6","32,1"
2016,722320,628642,1829711,1580405,"2,5","32,2"
2017,752058,653430,1850690,1591786,"2,5","32,1"
2018,-,-,-,-,-,-
 ,,,,,,
Veränd. zum Vorjahr ,,,,,,
2009,"2,1","3,4","2,9","3,7","0,9","2,8"
2010,-,"-0,7","-4,1","-4,7","-4,1","1,7"
2011,"2,9","2,6","1,9","0,9","-0,9","0,9"
2012,"2,9","2,8","3,7","3,0","0,9","0,9"
2013,"0,2","-0,9","2,3","-0,4","2,2","7,9"
2014,"3,5","3,3","4,8","4,6","1,3","5,3"
2015,"4,8","4,6","6,2","7,1","1,3","7,4"
2016,"5,2","6,2","2,9","3,8","-2,2","0,1"
2017,"4,1","3,9","1,1","0,7","-2,9","-0,1"
2018,"-100,0","-100,0","-100,0","-100,0","-100,0","-100,0"
 ,,,,,,
2009 = 100 ,,,,,,
2009,"100,0","100,0","100,0","100,0","100,0","100,0"
2010,"100,0","99,3","95,9","95,3","95,9","101,7"
2011,"102,9","101,9","97,8","96,1","95,0","102,6"
2012,"105,8","104,8","101,4","99,0","95,8","103,5"
2013,"106,0","103,8","103,8","98,6","97,9","111,8"
2014,"109,7","107,2","108,8","103,1","99,2","117,6"
2015,"114,9","112,2","115,5","110,5","100,5","126,4"
2016,"120,9","119,1","118,9","114,6","98,3","126,5"
2017,"125,9","123,8","120,2","115,5","95,5","126,4"
2018,-,-,-,-,-,-
2       Hannover                 ,,,,,,
 ,,,,,,
2009,2590223,2228373,6039418,5323473,"2,3","28,3"
2010,2774820,2361900,6305757,5528270,"2,3","28,8"
2011,2940743,2467726,6795134,5835732,"2,3","30,3"
2012,3009244,2555257,6925145,6033708,"2,3","30,7"
2013,3020005,2548263,6941007,5982069,"2,3","30,4"
2014,3036768,2551932,6971109,5996129,"2,3","30,9"
2015,3161914,2662364,7159030,6133398,"2,3","31,3"
2016,3261908,2754259,7324378,6289308,"2,2","32,5"
2017,3361136,2828748,7436859,6355090,"2,2","32,8"
2018,-,-,-,-,-,-
 ,,,,,,
Veränd. zum Vorjahr ,,,,,,
2009,"2,0","3,6","-0,2","1,3","-2,2","-2,4"
2010,"7,1","6,0","4,4","3,8","-2,5","1,7"
2011,"6,0","4,5","7,8","5,6","1,7","5,2"
2012,"2,3","3,5","1,9","3,4","-0,4","1,2"
2013,"0,4","-0,3","0,2","-0,9","-0,1","-0,8"
2014,"0,6","0,1","0,4","0,2","-0,1","1,6"
2015,"4,1","4,3","2,7","2,3","-1,4","1,2"
2016,"3,2","3,5","2,3","2,5","-0,8","4,0"
2017,"3,0","2,7","1,5","1,0","-1,5","1,0"
2018,"-100,0","-100,0","-100,0","-100,0","-100,0","-100,0"
 ,,,,,,
2009 = 100 ,,,,,,
2009,"100,0","100,0","100,0","100,0","100,0","100,0"
2010,"107,1","106,0","104,4","103,8","97,5","101,7"
2011,"113,5","110,7","112,5","109,6","99,1","107,0"
2012,"116,2","114,7","114,7","113,3","98,7","108,3"
2013,"116,6","114,4","114,9","112,4","98,6","107,4"
2014,"117,2","114,5","115,4","112,6","98,5","109,1"
2015,"122,1","119,5","118,5","115,2","97,1","110,4"
2016,"125,9","123,6","121,3","118,1","96,3","114,8"
2017,"129,8","126,9","123,1","119,4","94,9","115,9"
2018,-,-,-,-,-,-
"241     Hannover,Region          ",,,,,,
 ,,,,,,
2009,1703426,1424941,3164229,2616804,"1,9","28,8"
2010,1840113,1515335,3373198,2767084,"1,8","30,0"
2011,1939423,1571654,3676969,2957735,"1,9","32,3"
2012,1985449,1635286,3734734,3063908,"1,9","33,3"
2013,1969122,1617313,3680293,2990301,"1,9","33,4"
2014,1983124,1619468,3696003,2990461,"1,9","33,2"
2015,2074533,1695410,3866030,3114097,"1,9","35,0"
2016,2105080,1716427,3891211,3130756,"1,8","35,7"
2017,2195245,1789966,4012127,3213931,"1,8","36,2"
2018,-,-,-,-,-,-
 ,,,,,,
Veränd. zum Vorjahr ,,,,,,
2009,"1,9","4,0","-0,9","1,8","-2,7","-3,7"
2010,"8,0","6,3","6,6","5,7","-1,3","4,1"
2011,"5,4","3,7","9,0","6,9","3,4","7,6"
2012,"2,4","4,0","1,6","3,6","-0,8","3,0"
2013,"-0,8","-1,1","-1,5","-2,4","-0,6","0,4"
2014,"0,7","0,1","0,4",-,"-0,3","-0,7"
2015,"4,6","4,7","4,6","4,1",-,"5,6"
2016,"1,5","1,2","0,7","0,5","-0,8","1,9"
2017,"4,3","4,3","3,1","2,7","-1,1","1,5"
2018,"-100,0","-100,0","-100,0","-100,0","-100,0","-100,0"
 ,,,,,,
2009 = 100 ,,,,,,
2009,"100,0","100,0","100,0","100,0","100,0","100,0"
2010,"108,0","106,3","106,6","105,7","98,7","104,1"
2011,"113,9","110,3","116,2","113,0","102,1","112,0"
2012,"116,6","114,8","118,0","117,1","101,3","115,4"
2013,"115,6","113,5","116,3","114,3","100,6","115,9"
2014,"116,4","113,7","116,8","114,3","100,3","115,1"
2015,"121,8","119,0","122,2","119,0","100,3","121,5"
2016,"123,6","120,5","123,0","119,6","99,5","123,8"
2017,"128,9","125,6","126,8","122,8","98,4","125,7"
2018,-,-,-,-,-,-
"241001  Hannover,Landeshauptstadt",,,,,,
 ,,,,,,
2009,1034008,858401,1810293,1442539,"1,8","36,9"
2010,1111287,904946,1925099,1524502,"1,7","39,3"
2011,1180624,943185,2103073,1620584,"1,8","41,9"
2012,1219956,992085,2085696,1647161,"1,7","42,0"
2013,1215808,989009,2081824,1633793,"1,7","42,4"
2014,1221120,989543,2082342,1626579,"1,7","42,9"
2015,1308704,1054911,2232282,1732389,"1,7","45,2"
2016,1326446,1071803,2240346,1744937,"1,7","45,9"
2017,1360858,1104899,2280015,1783075,"1,7","45,6"
2018,-,-,-,-,-,-
 ,,,,,,
Veränd. zum Vorjahr ,,,,,,
2009,"0,6","2,8","-2,4","1,1","-3,0","-3,1"
2010,"7,5","5,4","6,3","5,7","-1,1","6,6"
2011,"6,2","4,2","9,2","6,3","2,8","6,7"
2012,"3,3","5,2","-0,8","1,6","-4,0","0,3"
2013,"-0,3","-0,3","-0,2","-0,8","0,2","0,9"
2014,"0,4","0,1",-,"-0,4","-0,4","1,0"
2015,"7,2","6,6","7,2","6,5",-,"5,5"
2016,"1,4","1,6","0,4","0,7","-1,0","1,4"
2017,"2,6","3,1","1,8","2,2","-0,8","-0,5"
2018,"-100,0","-100,0","-100,0","-100,0","-100,0","-100,0"
 ,,,,,,
2009 = 100 ,,,,,,
2009,"100,0","100,0","100,0","100,0","100,0","100,0"
2010,"107,5","105,4","106,3","105,7","98,9","106,6"
2011,"114,2","109,9","116,2","112,3","101,7","113,7"
2012,"118,0","115,6","115,2","114,2","97,7","114,0"
2013,"117,6","115,2","115,0","113,3","97,8","115,1"
2014,"118,1","115,3","115,0","112,8","97,4","116,2"
2015,"126,6","122,9","123,3","120,1","97,4","122,6"
2016,"128,3","124,9","123,8","121,0","96,5","124,4"
2017,"131,6","128,7","125,9","123,6","95,7","123,7"
2018,-,-,-,-,-,-
251     Diepholz                 ,,,,,,
 ,,,,,,
2009,107173,97674,194914,179458,"1,8","16,3"
2010,118419,109026,229822,213553,"1,9","17,6"
2011,125085,112328,238612,210643,"1,9","18,7"
2012,126429,115029,247905,223177,"2,0","18,3"
2013,124638,111854,246469,216015,"2,0","17,3"
2014,126820,112846,247583,218073,"2,0","17,8"
2015,127567,113585,256458,225201,"2,0","17,5"
2016,135416,121696,280443,246880,"2,1","18,2"
2017,136772,123582,275597,245049,"2,0","20,3"
2018,-,-,-,-,-,-
 ,,,,,,
Veränd. zum Vorjahr ,,,,,,
2009,"1,9","2,7","1,8","2,7","-0,1","-5,1"
2010,"10,5","11,6","17,9","19,0","6,7","8,0"
2011,"5,6","3,0","3,8","-1,4","-1,7","6,4"
2012,"1,1","2,4","3,9","6,0","2,8","-2,3"
2013,"-1,4","-2,8","-0,6","-3,2","0,8","-5,3"
2014,"1,8","0,9","0,5","1,0","-1,3","2,7"
2015,"0,6","0,7","3,6","3,3","3,0","-1,7"
2016,"6,2","7,1","9,4","9,6","3,0","4,1"
2017,"1,0","1,5","-1,7","-0,7","-2,7","11,8"
2018,"-100,0","-100,0","-100,0","-100,0","-100,0","-100,0"
 ,,,,,,
2009 = 100 ,,,,,,
2009,"100,0","100,0","100,0","100,0","100,0","100,0"
2010,"110,5","111,6","117,9","119,0","106,7","108,0"
2011,"116,7","115,0","122,4","117,4","104,9","114,9"
2012,"118,0","117,8","127,2","124,4","107,8","112,3"
2013,"116,3","114,5","126,5","120,4","108,7","106,3"
2014,"118,3","115,5","127,0","121,5","107,3","109,1"
2015,"119,0","116,3","131,6","125,5","110,5","107,3"
2016,"126,4","124,6","143,9","137,6","113,9","111,7"
2017,"127,6","126,5","141,4","136,5","110,8","124,8"
2018,-,-,-,-,-,-
252     Hameln-Pyrmont           ,,,,,,
 ,,,,,,
2009,264746,245791,1210448,1164442,"4,6","32,8"
2010,269419,247734,1188619,1141246,"4,4","32,6"
2011,279262,253326,1206051,1146520,"4,3","32,9"
2012,280383,254333,1232616,1176015,"4,4","32,9"
2013,285612,255594,1231980,1168950,"4,3","29,7"
2014,280141,252552,1205228,1147307,"4,3","31,4"
2015,292129,264452,1178366,1119569,"4,0","31,3"
2016,306433,277999,1179770,1117677,"3,9","31,8"
2017,297951,264391,1146615,1076070,"3,8","31,5"
2018,-,-,-,-,-,-
 ,,,,,,
Veränd. zum Vorjahr ,,,,,,
2009,"0,6","1,2","-0,9","-0,6","-1,5","-1,3"
2010,"1,8","0,8","-1,8","-2,0","-3,5","-0,7"
2011,"3,7","2,3","1,5","0,5","-2,1","0,7"
2012,"0,4","0,4","2,2","2,6","1,8","0,2"
2013,"1,9","0,5","-0,1","-0,6","-1,9","-9,7"
2014,"-1,9","-1,2","-2,2","-1,9","-0,3","5,6"
2015,"4,3","4,7","-2,2","-2,4","-6,2","-0,3"
2016,"4,9","5,1","0,1","-0,2","-4,6","1,4"
2017,"-2,8","-4,9","-2,8","-3,7",-,"-0,9"
2018,"-100,0","-100,0","-100,0","-100,0","-100,0","-100,0"
 ,,,,,,
2009 = 100 ,,,,,,
2009,"100,0","100,0","100,0","100,0","100,0","100,0"
2010,"101,8","100,8","98,2","98,0","96,5","99,3"
2011,"105,5","103,1","99,6","98,5","94,5","100,0"
2012,"105,9","103,5","101,8","101,0","96,2","100,2"
2013,"107,9","104,0","101,8","100,4","94,3","90,5"
2014,"105,8","102,8","99,6","98,5","94,1","95,6"
2015,"110,3","107,6","97,3","96,1","88,2","95,4"
2016,"115,7","113,1","97,5","96,0","84,2","96,7"
2017,"112,5","107,6","94,7","92,4","84,2","95,9"
2018,-,-,-,-,-,-
254     Hildesheim               ,,,,,,
 ,,,,,,
2009,187838,152973,468060,405630,"2,5","28,9"
2010,205986,170036,501513,438135,"2,4","30,8"
2011,226784,186857,556036,469392,"2,5","31,8"
2012,229603,191887,549991,483434,"2,4","31,7"
2013,236395,195269,567921,489525,"2,4","31,5"
2014,235612,193904,576258,495937,"2,4","33,1"
2015,258643,215216,616529,527462,"2,4","33,6"
2016,259750,216605,613474,529022,"2,4","34,3"
2017,271873,226539,643821,546833,"2,4","33,7"
2018,-,-,-,-,-,-
 ,,,,,,
Veränd. zum Vorjahr ,,,,,,
2009,"0,8","2,4","0,6","1,5","-0,2","-2,2"
2010,"9,7","11,2","7,1","8,0","-2,3","6,6"
2011,"10,1","9,9","10,9","7,1","0,7","3,5"
2012,"1,2","2,7","-1,1","3,0","-2,3","-0,6"
2013,"3,0","1,8","3,3","1,3","0,3","-0,4"
2014,"-0,3","-0,7","1,5","1,3","1,8","5,0"
2015,"9,8","11,0","7,0","6,4","-2,5","1,5"
2016,"0,4","0,6","-0,5","0,3","-0,9","2,0"
2017,"4,7","4,6","4,9","3,4","0,3","-1,6"
2018,"-100,0","-100,0","-100,0","-100,0","-100,0","-100,0"
 ,,,,,,
2009 = 100 ,,,,,,
2009,"100,0","100,0","100,0","100,0","100,0","100,0"
2010,"109,7","111,2","107,1","108,0","97,7","106,6"
2011,"120,7","122,2","118,8","115,7","98,4","110,3"
2012,"122,2","125,4","117,5","119,2","96,1","109,7"
2013,"125,9","127,6","121,3","120,7","96,4","109,3"
2014,"125,4","126,8","123,1","122,3","98,2","114,7"
2015,"137,7","140,7","131,7","130,0","95,7","116,4"
2016,"138,3","141,6","131,1","130,4","94,8","118,8"
2017,"144,7","148,1","137,6","134,8","95,0","116,9"
2018,-,-,-,-,-,-
255     Holzminden               ,,,,,,
 ,,,,,,
2009,61892,58630,143637,134390,"2,3","13,9"
2010,80117,76252,160381,151798,"2,0","13,3"
2011,83543,78760,161882,151675,"1,9","12,7"
2012,83607,78314,163015,149268,"1,9","12,2"
2013,85996,77343,170431,147468,"2,0","13,1"
2014,93244,83242,195244,168802,"2,1","15,3"
2015,94657,84077,205176,174741,"2,2","16,3"
2016,116602,106250,258319,224201,"2,2","18,6"
2017,113780,104001,244309,219526,"2,1","17,3"
2018,-,-,-,-,-,-
 ,,,,,,
Veränd. zum Vorjahr ,,,,,,
2009,"-5,9","-7,0","-3,7","-4,9","2,4","-1,5"
2010,"29,4","30,1","11,7","13,0","-13,7","-4,5"
2011,"4,3","3,3","0,9","-0,1","-3,2","-3,9"
2012,"0,1","-0,6","0,7","-1,6","0,6","-4,3"
2013,"2,9","-1,2","4,5","-1,2","1,6","7,4"
2014,"8,4","7,6","14,6","14,5","5,7","17,0"
2015,"1,5","1,0","5,1","3,5","3,5","6,6"
2016,"23,2","26,4","25,9","28,3","2,2","13,7"
2017,"-2,4","-2,1","-5,4","-2,1","-3,1","-6,8"
2018,"-100,0","-100,0","-100,0","-100,0","-100,0","-100,0"
 ,,,,,,
2009 = 100 ,,,,,,
2009,"100,0","100,0","100,0","100,0","100,0","100,0"
2010,"129,4","130,1","111,7","113,0","86,3","95,5"
2011,"135,0","134,3","112,7","112,9","83,5","91,8"
2012,"135,1","133,6","113,5","111,1","84,0","87,8"
2013,"138,9","131,9","118,7","109,7","85,4","94,3"
2014,"150,7","142,0","135,9","125,6","90,2","110,3"
2015,"152,9","143,4","142,8","130,0","93,4","117,6"
2016,"188,4","181,2","179,8","166,8","95,5","133,6"
2017,"183,8","177,4","170,1","163,3","92,5","124,6"
2018,-,-,-,-,-,-
256     Nienburg (Weser)         ,,,,,,
 ,,,,,,
2009,87447,84177,161574,155993,"1,8","23,4"
2010,88049,84408,175682,169092,"2,0","25,1"
2011,95348,89716,214285,194903,"2,2","26,0"
2012,106521,99954,240405,220757,"2,3","27,5"
2013,115957,107260,277372,245291,"2,4","32,0"
2014,116817,108046,275151,243685,"2,4","31,3"
2015,109647,101872,251834,227743,"2,3","28,3"
2016,117943,110118,280646,254708,"2,4","28,3"
2017,124734,115783,293908,268203,"2,4","27,5"
2018,-,-,-,-,-,-
 ,,,,,,
Veränd. zum Vorjahr ,,,,,,
2009,"12,0","11,8","7,9","8,3","-3,7","4,0"
2010,"0,7","0,3","8,7","8,4","8,0","7,0"
2011,"8,3","6,3","22,0","15,3","12,6","3,8"
2012,"11,7","11,4","12,2","13,3","0,4","5,5"
2013,"8,9","7,3","15,4","11,1","6,0","16,7"
2014,"0,7","0,7","-0,8","-0,7","-1,5","-2,3"
2015,"-6,1","-5,7","-8,5","-6,5","-2,5","-9,7"
2016,"7,6","8,1","11,4","11,8","3,6","0,1"
2017,"5,8","5,1","4,7","5,3","-1,0","-2,6"
2018,"-100,0","-100,0","-100,0","-100,0","-100,0","-100,0"
 ,,,,,,
2009 = 100 ,,,,,,
2009,"100,0","100,0","100,0","100,0","100,0","100,0"
2010,"100,7","100,3","108,7","108,4","108,0","107,0"
2011,"109,0","106,6","132,6","124,9","121,6","111,1"
2012,"121,8","118,7","148,8","141,5","122,1","117,2"
2013,"132,6","127,4","171,7","157,2","129,5","136,7"
2014,"133,6","128,4","170,3","156,2","127,5","133,5"
2015,"125,4","121,0","155,9","146,0","124,3","120,6"
2016,"134,9","130,8","173,7","163,3","128,8","120,7"
2017,"142,6","137,5","181,9","171,9","127,5","117,6"
2018,-,-,-,-,-,-
257     Schaumburg               ,,,,,,
 ,,,,,,
2009,177701,164187,696556,666756,"3,9","32,8"
2010,172717,159109,676542,647362,"3,9","31,3"
2011,191298,175085,741299,704864,"3,9","32,8"
2012,197252,180454,756479,717149,"3,8","32,8"
2013,202285,183630,766541,724519,"3,8","33,8"
2014,201010,181874,775642,731864,"3,9","33,8"
2015,204738,187752,784637,744585,"3,8","29,7"
2016,220684,205164,820515,786064,"3,7","37,2"
2017,220781,204486,820482,785478,"3,7","37,1"
2018,-,-,-,-,-,-
 ,,,,,,
Veränd. zum Vorjahr ,,,,,,
2009,"5,1","6,2","2,1","1,9","-2,9","1,5"
2010,"-2,8","-3,1","-2,9","-2,9","-0,1","-4,6"
2011,"10,8","10,0","9,6","8,9","-1,1","4,7"
2012,"3,1","3,1","2,0","1,7","-1,0",-
2013,"2,6","1,8","1,3","1,0","-1,2","3,3"
2014,"-0,6","-1,0","1,2","1,0","1,8","-0,1"
2015,"1,9","3,2","1,2","1,7","-0,7","-12,3"
2016,"7,8","9,3","4,6","5,6","-3,0","25,5"
2017,-,"-0,3",-,"-0,1",-,"-0,2"
2018,"-100,0","-100,0","-100,0","-100,0","-100,0","-100,0"
 ,,,,,,
2009 = 100 ,,,,,,
2009,"100,0","100,0","100,0","100,0","100,0","100,0"
2010,"97,2","96,9","97,1","97,1","99,9","95,4"
2011,"107,7","106,6","106,4","105,7","98,9","99,9"
2012,"111,0","109,9","108,6","107,6","97,8","99,9"
2013,"113,8","111,8","110,0","108,7","96,7","103,2"
2014,"113,1","110,8","111,4","109,8","98,4","103,1"
2015,"115,2","114,4","112,6","111,7","97,8","90,5"
2016,"124,2","125,0","117,8","117,9","94,9","113,5"
2017,"124,2","124,5","117,8","117,8","94,8","113,3"
2018,-,-,-,-,-,-
3       Lüneburg                 ,,,,,,
 ,,,,,,
2009,2757794,2523912,8881924,8314958,"3,2","28,2"
2010,2782012,2538563,8823143,8251583,"3,2","27,4"
2011,2885706,2637455,8991026,8403867,"3,1","27,7"
2012,2940680,2679042,9099036,8467843,"3,1","27,3"
2013,2905418,2644396,8968518,8344068,"3,1","27,6"
2014,2999063,2734597,9216986,8576634,"3,1","29,4"
2015,3064840,2790859,9450376,8781154,"3,1","30,1"
2016,3204804,2939009,9775451,9122749,"3,1","30,8"
2017,3273123,2992612,9852960,9172277,"3,0","31,1"
2018,-,-,-,-,-,-
 ,,,,,,
Veränd. zum Vorjahr ,,,,,,
2009,"1,2","1,3","0,2",-,"-1,0","-1,4"
2010,"0,9","0,6","-0,7","-0,8","-1,5","-2,9"
2011,"3,7","3,9","1,9","1,8","-1,8","1,3"
2012,"1,9","1,6","1,2","0,8","-0,7","-1,6"
2013,"-1,2","-1,3","-1,4","-1,5","-0,2","1,1"
2014,"3,2","3,4","2,8","2,8","-0,4","6,4"
2015,"2,2","2,1","2,5","2,4","0,3","2,4"
2016,"4,6","5,3","3,4","3,9","-1,1","2,3"
2017,"2,1","1,8","0,8","0,5","-1,3","1,2"
2018,"-100,0","-100,0","-100,0","-100,0","-100,0","-100,0"
 ,,,,,,
2009 = 100 ,,,,,,
2009,"100,0","100,0","100,0","100,0","100,0","100,0"
2010,"100,9","100,6","99,3","99,2","98,5","97,1"
2011,"104,6","104,5","101,2","101,1","96,7","98,4"
2012,"106,6","106,1","102,4","101,8","96,1","96,8"
2013,"105,4","104,8","101,0","100,4","95,8","97,8"
2014,"108,7","108,3","103,8","103,1","95,4","104,1"
2015,"111,1","110,6","106,4","105,6","95,7","106,7"
2016,"116,2","116,4","110,1","109,7","94,7","109,1"
2017,"118,7","118,6","110,9","110,3","93,5","110,5"
2018,-,-,-,-,-,-
351     Celle                    ,,,,,,
 ,,,,,,
2009,238965,198618,577165,482117,"2,4","20,4"
2010,248366,201720,577862,471607,"2,3","20,4"
2011,261527,214638,591239,486668,"2,3","22,4"
2012,267887,214346,597107,479220,"2,2","22,1"
2013,276289,225234,625500,511323,"2,3","22,8"
2014,274060,226607,623721,514989,"2,3","23,1"
2015,272698,223605,627043,512307,"2,3","23,2"
2016,280454,234761,671160,558762,"2,4","25,0"
2017,290403,246031,708048,596392,"2,4","25,8"
2018,-,-,-,-,-,-
 ,,,,,,
Veränd. zum Vorjahr ,,,,,,
2009,"-0,6","0,3","1,7","2,3","2,3","-2,0"
2010,"3,9","1,6","0,1","-2,2","-3,7","-0,1"
2011,"5,3","6,4","2,3","3,2","-2,8","9,7"
2012,"2,4","-0,1","1,0","-1,5","-1,4","-1,5"
2013,"3,1","5,1","4,8","6,7","1,6","3,4"
2014,"-0,8","0,6","-0,3","0,7","0,5","1,5"
2015,"-0,5","-1,3","0,5","-0,5","1,0","0,3"
2016,"2,8","5,0","7,0","9,1","4,1","7,7"
2017,"3,5","4,8","5,5","6,7","1,9","3,2"
2018,"-100,0","-100,0","-100,0","-100,0","-100,0","-100,0"
 ,,,,,,
2009 = 100 ,,,,,,
2009,"100,0","100,0","100,0","100,0","100,0","100,0"
2010,"103,9","101,6","100,1","97,8","96,3","99,9"
2011,"109,4","108,1","102,4","100,9","93,6","109,6"
2012,"112,1","107,9","103,5","99,4","92,3","107,9"
2013,"115,6","113,4","108,4","106,1","93,7","111,6"
2014,"114,7","114,1","108,1","106,8","94,2","113,3"
2015,"114,1","112,6","108,6","106,3","95,2","113,6"
2016,"117,4","118,2","116,3","115,9","99,1","122,3"
2017,"121,5","123,9","122,7","123,7","100,9","126,3"
2018,-,-,-,-,-,-
352     Cuxhaven                 ,,,,,,
 ,,,,,,
2009,519572,508451,2408481,2375399,"4,6","28,3"
2010,514968,504031,2353522,2323832,"4,6","27,7"
2011,525237,513759,2348256,2315688,"4,5","27,4"
2012,541932,529283,2359782,2323279,"4,4","25,8"
2013,526735,511388,2308491,2267827,"4,4","26,6"
2014,569680,554197,2448861,2407324,"4,3","29,2"
2015,589643,573283,2528318,2488117,"4,3","31,4"
2016,599058,582735,2526821,2480991,"4,2","31,5"
2017,613180,594896,2556938,2501643,"4,2","31,5"
2018,-,-,-,-,-,-
 ,,,,,,
Veränd. zum Vorjahr ,,,,,,
2009,"0,7","0,6","-2,8","-2,9","-3,4","-2,1"
2010,"-0,9","-0,9","-2,3","-2,2","-1,4","-2,0"
2011,"2,0","1,9","-0,2","-0,4","-2,2","-1,0"
2012,"3,2","3,0","0,5","0,3","-2,6","-6,0"
2013,"-2,8","-3,4","-2,2","-2,4","0,6","3,1"
2014,"8,2","8,4","6,1","6,2","-1,9","9,8"
2015,"3,5","3,4","3,2","3,4","-0,3","7,5"
2016,"1,6","1,6","-0,1","-0,3","-1,6","0,2"
2017,"2,4","2,1","1,2","0,8","-1,1","0,1"
2018,"-100,0","-100,0","-100,0","-100,0","-100,0","-100,0"
 ,,,,,,
2009 = 100 ,,,,,,
2009,"100,0","100,0","100,0","100,0","100,0","100,0"
2010,"99,1","99,1","97,7","97,8","98,6","98,0"
2011,"101,1","101,0","97,5","97,5","96,4","97,0"
2012,"104,3","104,1","98,0","97,8","93,9","91,2"
2013,"101,4","100,6","95,8","95,5","94,5","94,0"
2014,"109,6","109,0","101,7","101,3","92,7","103,2"
2015,"113,5","112,8","105,0","104,7","92,5","111,0"
2016,"115,3","114,6","104,9","104,4","91,0","111,2"
2017,"118,0","117,0","106,2","105,3","90,0","111,3"
2018,-,-,-,-,-,-
353     Harburg                  ,,,,,,
 ,,,,,,
2009,260194,237730,593579,546286,"2,3","24,5"
2010,263291,240284,618286,576912,"2,3","23,4"
2011,285308,261925,671950,625667,"2,4","25,7"
2012,283358,259950,658397,612738,"2,3","26,5"
2013,279453,252012,660871,613234,"2,4","25,9"
2014,286744,256634,661366,605952,"2,3","26,4"
2015,283354,251308,638083,578802,"2,3","26,6"
2016,286007,256068,623572,571987,"2,2","26,3"
2017,297291,264749,651913,594112,"2,2","28,6"
2018,-,-,-,-,-,-
 ,,,,,,
Veränd. zum Vorjahr ,,,,,,
2009,"6,2","5,5","13,0","11,8","6,4","-1,6"
2010,"1,2","1,1","4,2","5,6","2,9","-4,5"
2011,"8,4","9,0","8,7","8,5","0,3","10,2"
2012,"-0,7","-0,8","-2,0","-2,1","-1,3","3,0"
2013,"-1,4","-3,1","0,4","0,1","1,8","-2,3"
2014,"2,6","1,8","0,1","-1,2","-2,5","2,0"
2015,"-1,2","-2,1","-3,5","-4,5","-2,4","0,9"
2016,"0,9","1,9","-2,3","-1,2","-3,2","-1,3"
2017,"3,9","3,4","4,5","3,9","0,6","9,0"
2018,"-100,0","-100,0","-100,0","-100,0","-100,0","-100,0"
 ,,,,,,
2009 = 100 ,,,,,,
2009,"100,0","100,0","100,0","100,0","100,0","100,0"
2010,"101,2","101,1","104,2","105,6","102,9","95,5"
2011,"109,7","110,2","113,2","114,5","103,2","105,2"
2012,"108,9","109,3","110,9","112,2","101,9","108,4"
2013,"107,4","106,0","111,3","112,3","103,7","105,9"
2014,"110,2","108,0","111,4","110,9","101,1","107,9"
2015,"108,9","105,7","107,5","106,0","98,7","108,9"
2016,"109,9","107,7","105,1","104,7","95,6","107,5"
2017,"114,3","111,4","109,8","108,8","96,1","117,1"
2018,-,-,-,-,-,-
354     Lüchow-Dannenberg        ,,,,,,
 ,,,,,,
2009,89988,85741,278114,267509,"3,1","18,7"
2010,88811,84545,270106,258462,"3,0","17,9"
2011,90063,86691,264972,255276,"2,9","17,9"
2012,95063,90381,273431,262447,"2,9","18,8"
2013,82907,79514,237182,228857,"2,9","17,0"
2014,89646,86045,256100,247696,"2,9","18,9"
2015,92844,88633,252053,242179,"2,7","18,6"
2016,95734,91729,261020,251866,"2,7","19,0"
2017,90576,87212,250880,242445,"2,8","19,4"
2018,-,-,-,-,-,-
 ,,,,,,
Veränd. zum Vorjahr ,,,,,,
2009,"-0,2","0,2","-2,9","-2,5","-2,8","1,8"
2010,"-1,3","-1,4","-2,9","-3,4","-1,6","-4,3"
2011,"1,4","2,5","-1,9","-1,2","-3,3","-0,3"
2012,"5,6","4,3","3,2","2,8","-2,2","5,0"
2013,"-12,8","-12,0","-13,3","-12,8","-0,5","-9,6"
2014,"8,1","8,2","8,0","8,2","-0,1","11,1"
2015,"3,6","3,0","-1,6","-2,2","-5,0","-1,2"
2016,"3,1","3,5","3,6","4,0","0,4","2,2"
2017,"-5,4","-4,9","-3,9","-3,7","1,6","1,6"
2018,"-100,0","-100,0","-100,0","-100,0","-100,0","-100,0"
 ,,,,,,
2009 = 100 ,,,,,,
2009,"100,0","100,0","100,0","100,0","100,0","100,0"
2010,"98,7","98,6","97,1","96,6","98,4","95,7"
2011,"100,1","101,1","95,3","95,4","95,2","95,5"
2012,"105,6","105,4","98,3","98,1","93,1","100,3"
2013,"92,1","92,7","85,3","85,6","92,6","90,6"
2014,"99,6","100,4","92,1","92,6","92,4","100,7"
2015,"103,2","103,4","90,6","90,5","87,8","99,5"
2016,"106,4","107,0","93,9","94,2","88,2","101,6"
2017,"100,7","101,7","90,2","90,6","89,6","103,3"
2018,-,-,-,-,-,-
355     Lüneburg                 ,,,,,,
 ,,,,,,
2009,240799,218536,530318,481283,"2,2","27,1"
2010,248884,225711,538880,489350,"2,2","27,7"
2011,259110,237977,568273,521276,"2,2","27,1"
2012,267295,245017,593054,540547,"2,2","26,3"
2013,262302,241805,583901,537686,"2,2","27,2"
2014,270310,248168,599296,545234,"2,2","28,1"
2015,274052,250970,610970,553804,"2,2","28,7"
2016,290630,266847,643289,587579,"2,2","29,4"
2017,287241,264710,630989,576875,"2,2","31,2"
2018,-,-,-,-,-,-
 ,,,,,,
Veränd. zum Vorjahr ,,,,,,
2009,"4,4","5,0","3,5","3,0","-0,9","-2,7"
2010,"3,4","3,3","1,6","1,7","-1,7","2,4"
2011,"4,1","5,4","5,5","6,5","1,3","-2,3"
2012,"3,2","3,0","4,4","3,7","1,2","-2,7"
2013,"-1,9","-1,3","-1,5","-0,5","0,3","3,3"
2014,"3,1","2,6","2,6","1,4","-0,4","3,4"
2015,"1,4","1,1","1,9","1,6","0,6","1,8"
2016,"6,0","6,3","5,3","6,1","-0,7","2,6"
2017,"-1,2","-0,8","-1,9","-1,8","-0,8","6,1"
2018,"-100,0","-100,0","-100,0","-100,0","-100,0","-100,0"
 ,,,,,,
2009 = 100 ,,,,,,
2009,"100,0","100,0","100,0","100,0","100,0","100,0"
2010,"103,4","103,3","101,6","101,7","98,3","102,4"
2011,"107,6","108,9","107,2","108,3","99,6","100,1"
2012,"111,0","112,1","111,8","112,3","100,7","97,4"
2013,"108,9","110,6","110,1","111,7","101,1","100,6"
2014,"112,3","113,6","113,0","113,3","100,7","104,0"
2015,"113,8","114,8","115,2","115,1","101,2","105,9"
2016,"120,7","122,1","121,3","122,1","100,5","108,7"
2017,"119,3","121,1","119,0","119,9","99,7","115,3"
2018,-,-,-,-,-,-
356     Osterholz                ,,,,,,
 ,,,,,,
2009,56715,53552,129720,121250,"2,3","24,8"
2010,56385,53443,141127,134015,"2,5","26,1"
2011,58051,55532,148526,138516,"2,6","29,0"
2012,61043,58243,157097,148185,"2,6","28,0"
2013,59327,56500,147543,136668,"2,5","26,9"
2014,58914,56267,142197,130628,"2,4","26,5"
2015,57898,54928,150694,137492,"2,6","28,3"
2016,60819,57397,148037,133059,"2,4","28,5"
2017,58943,55866,141294,129060,"2,4","26,8"
2018,-,-,-,-,-,-
 ,,,,,,
Veränd. zum Vorjahr ,,,,,,
2009,"-9,9","-9,1","-3,8","-4,0","6,7","-8,6"
2010,"-0,6","-0,2","8,8","10,5","9,4","5,3"
2011,"3,0","3,9","5,2","3,4","2,2","11,1"
2012,"5,2","4,9","5,8","7,0","0,6","-3,5"
2013,"-2,8","-3,0","-6,1","-7,8","-3,4","-3,9"
2014,"-0,7","-0,4","-3,6","-4,4","-2,9","-1,7"
2015,"-1,7","-2,4","6,0","5,3","7,8","7,0"
2016,"5,0","4,5","-1,8","-3,2","-6,5","0,8"
2017,"-3,1","-2,7","-4,6","-3,0","-1,5","-5,9"
2018,"-100,0","-100,0","-100,0","-100,0","-100,0","-100,0"
 ,,,,,,
2009 = 100 ,,,,,,
2009,"100,0","100,0","100,0","100,0","100,0","100,0"
2010,"99,4","99,8","108,8","110,5","109,4","105,3"
2011,"102,4","103,7","114,5","114,2","111,9","117,0"
2012,"107,6","108,8","121,1","122,2","112,5","112,8"
2013,"104,6","105,5","113,7","112,7","108,7","108,4"
2014,"103,9","105,1","109,6","107,7","105,5","106,6"
2015,"102,1","102,6","116,2","113,4","113,8","114,0"
2016,"107,2","107,2","114,1","109,7","106,4","114,9"
2017,"103,9","104,3","108,9","106,4","104,8","108,1"
2018,-,-,-,-,-,-
357     Rotenburg (Wümme)        ,,,,,,
 ,,,,,,
2009,200377,181541,453500,424208,"2,3","22,1"
2010,204626,184051,471603,441318,"2,3","22,7"
2011,206907,185417,468385,434064,"2,3","23,1"
2012,211009,192558,477858,447249,"2,3","23,6"
2013,205268,186836,457766,427643,"2,2","23,2"
2014,201882,183886,462019,433055,"2,3","24,2"
2015,212919,194466,583178,549647,"2,7","26,8"
2016,208644,189761,548164,516784,"2,6","23,5"
2017,209584,191257,540473,512098,"2,6","23,0"
2018,-,-,-,-,-,-
 ,,,,,,
Veränd. zum Vorjahr ,,,,,,
2009,"-3,3","-2,8","-3,6","-3,3","-0,3","-6,9"
2010,"2,1","1,4","4,0","4,0","1,8","2,8"
2011,"1,1","0,7","-0,7","-1,6","-1,8","1,8"
2012,"2,0","3,9","2,0","3,0",-,"2,2"
2013,"-2,7","-3,0","-4,2","-4,4","-1,5","-1,8"
2014,"-1,6","-1,6","0,9","1,3","2,6","4,5"
2015,"5,5","5,8","26,2","26,9","19,7","10,6"
2016,"-2,0","-2,4","-6,0","-6,0","-4,1","-12,3"
2017,"0,5","0,8","-1,4","-0,9","-1,8","-2,1"
2018,"-100,0","-100,0","-100,0","-100,0","-100,0","-100,0"
 ,,,,,,
2009 = 100 ,,,,,,
2009,"100,0","100,0","100,0","100,0","100,0","100,0"
2010,"102,1","101,4","104,0","104,0","101,8","102,8"
2011,"103,3","102,1","103,3","102,3","100,0","104,7"
2012,"105,3","106,1","105,4","105,4","100,1","107,0"
2013,"102,4","102,9","100,9","100,8","98,5","105,0"
2014,"100,8","101,3","101,9","102,1","101,1","109,8"
2015,"106,3","107,1","128,6","129,6","121,0","121,5"
2016,"104,1","104,5","120,9","121,8","116,1","106,5"
2017,"104,6","105,4","119,2","120,7","113,9","104,2"
2018,-,-,-,-,-,-
358     Heidekreis               ,,,,,,
 ,,,,,,
2009,723607,640855,2531102,2298775,"3,5","35,0"
2010,705632,624632,2416029,2193081,"3,4","31,4"
2011,731048,649076,2454299,2240305,"3,4","30,8"
2012,733301,647320,2431199,2198238,"3,3","30,1"
2013,738920,656349,2437993,2213441,"3,3","30,6"
2014,769869,687601,2535461,2305659,"3,3","33,8"
2015,807435,719057,2596753,2349454,"3,2","33,6"
2016,873994,792831,2798940,2566730,"3,2","35,8"
2017,897507,805827,2823226,2570573,"3,1","36,6"
2018,-,-,-,-,-,-
 ,,,,,,
Veränd. zum Vorjahr ,,,,,,
2009,"3,6","3,4","1,0","0,6","-2,5","2,2"
2010,"-2,5","-2,5","-4,5","-4,6","-2,1","-10,5"
2011,"3,6","3,9","1,6","2,2","-1,9","-1,9"
2012,"0,3","-0,3","-0,9","-1,9","-1,2","-2,2"
2013,"0,8","1,4","0,3","0,7","-0,5","1,7"
2014,"4,2","4,8","4,0","4,2","-0,2","10,6"
2015,"4,9","4,6","2,4","1,9","-2,3","-0,6"
2016,"8,2","10,3","7,8","9,2","-0,4","6,4"
2017,"2,7","1,6","0,9","0,1","-1,8","2,3"
2018,"-100,0","-100,0","-100,0","-100,0","-100,0","-100,0"
 ,,,,,,
2009 = 100 ,,,,,,
2009,"100,0","100,0","100,0","100,0","100,0","100,0"
2010,"97,5","97,5","95,5","95,4","97,9","89,5"
2011,"101,0","101,3","97,0","97,5","96,0","87,8"
2012,"101,3","101,0","96,1","95,6","94,8","85,8"
2013,"102,1","102,4","96,3","96,3","94,3","87,3"
2014,"106,4","107,3","100,2","100,3","94,2","96,5"
2015,"111,6","112,2","102,6","102,2","91,9","95,9"
2016,"120,8","123,7","110,6","111,7","91,6","102,1"
2017,"124,0","125,7","111,5","111,8","89,9","104,4"
2018,-,-,-,-,-,-
359     Stade                    ,,,,,,
 ,,,,,,
2009,152625,141515,374164,347063,"2,5","29,5"
2010,173605,159593,415439,382861,"2,4","30,6"
2011,183956,166942,443995,401958,"2,4","32,2"
2012,182928,164816,452091,405259,"2,5","31,8"
2013,176594,159026,431299,386649,"2,4","30,9"
2014,177927,161001,416585,377646,"2,3","31,4"
2015,178061,162154,420791,382649,"2,4","30,8"
2016,192464,174671,469520,422989,"2,4","33,1"
2017,201442,184907,470344,433559,"2,3","31,2"
2018,-,-,-,-,-,-
 ,,,,,,
Veränd. zum Vorjahr ,,,,,,
2009,"1,1","2,0","-0,6","0,6","-1,7","-2,1"
2010,"13,7","12,8","11,0","10,3","-2,4","3,9"
2011,"6,0","4,6","6,9","5,0","0,9","5,0"
2012,"-0,6","-1,3","1,8","0,8","2,4","-1,1"
2013,"-3,5","-3,5","-4,6","-4,6","-1,2","-2,8"
2014,"0,8","1,2","-3,4","-2,3","-4,1","1,6"
2015,"0,1","0,7","1,0","1,3","0,9","-1,9"
2016,"8,1","7,7","11,6","10,5","3,2","7,6"
2017,"4,7","5,9","0,2","2,5","-4,3","-5,8"
2018,"-100,0","-100,0","-100,0","-100,0","-100,0","-100,0"
 ,,,,,,
2009 = 100 ,,,,,,
2009,"100,0","100,0","100,0","100,0","100,0","100,0"
2010,"113,7","112,8","111,0","110,3","97,6","103,9"
2011,"120,5","118,0","118,7","115,8","98,5","109,0"
2012,"119,9","116,5","120,8","116,8","100,8","107,9"
2013,"115,7","112,4","115,3","111,4","99,6","104,8"
2014,"116,6","113,8","111,3","108,8","95,5","106,5"
2015,"116,7","114,6","112,5","110,3","96,4","104,4"
2016,"126,1","123,4","125,5","121,9","99,5","112,3"
2017,"132,0","130,7","125,7","124,9","95,2","105,8"
2018,-,-,-,-,-,-
360     Uelzen                   ,,,,,,
 ,,,,,,
2009,145884,142415,742305,730849,"5,1","33,5"
2010,147537,143585,748799,736024,"5,1","35,5"
2011,149184,144924,743630,730527,"5,0","36,3"
2012,151644,146970,781767,766587,"5,2","38,2"
2013,159880,154990,778645,761134,"4,9","39,1"
2014,155134,149964,758516,740596,"4,9","38,6"
2015,155930,150860,749038,731380,"4,8","39,0"
2016,164441,158995,766327,748145,"4,7","39,6"
2017,165576,159763,751511,734549,"4,5","38,7"
2018,-,-,-,-,-,-
 ,,,,,,
Veränd. zum Vorjahr ,,,,,,
2009,"-1,5","-1,5","1,2","1,3","2,7","-0,4"
2010,"1,1","0,8","0,9","0,7","-0,3","6,0"
2011,"1,1","0,9","-0,7","-0,7","-1,8","2,2"
2012,"1,6","1,4","5,1","4,9","3,4","5,3"
2013,"5,4","5,5","-0,4","-0,7","-5,5","2,4"
2014,"-3,0","-3,2","-2,6","-2,7","0,4","-1,3"
2015,"0,5","0,6","-1,2","-1,2","-1,8","1,0"
2016,"5,5","5,4","2,3","2,3","-3,0","1,4"
2017,"0,7","0,5","-1,9","-1,8","-2,6","-2,1"
2018,"-100,0","-100,0","-100,0","-100,0","-100,0","-100,0"
 ,,,,,,
2009 = 100 ,,,,,,
2009,"100,0","100,0","100,0","100,0","100,0","100,0"
2010,"101,1","100,8","100,9","100,7","99,7","106,0"
2011,"102,3","101,8","100,2","100,0","98,0","108,3"
2012,"103,9","103,2","105,3","104,9","101,3","114,1"
2013,"109,6","108,8","104,9","104,1","95,7","116,7"
2014,"106,3","105,3","102,2","101,3","96,1","115,2"
2015,"106,9","105,9","100,9","100,1","94,4","116,4"
2016,"112,7","111,6","103,2","102,4","91,6","118,1"
2017,"113,5","112,2","101,2","100,5","89,2","115,6"
2018,-,-,-,-,-,-
361     Verden                   ,,,,,,
 ,,,,,,
2009,129068,114958,263476,240219,"2,0","26,2"
2010,129907,116968,271490,244121,"2,1","26,7"
2011,135315,120574,287501,253922,"2,1","26,6"
2012,145220,130158,317253,284094,"2,2","27,5"
2013,137743,120742,299327,259606,"2,2","26,9"
2014,144897,124227,312864,267855,"2,2","28,9"
2015,140006,121595,293455,255323,"2,1","27,7"
2016,152559,133214,318601,283857,"2,1","29,0"
2017,161380,137394,327344,280971,"2,0","29,0"
2018,-,-,-,-,-,-
 ,,,,,,
Veränd. zum Vorjahr ,,,,,,
2009,"-4,8","-4,6","-4,3","-3,1","0,5","-8,2"
2010,"0,7","1,7","3,0","1,6","2,4","1,8"
2011,"4,2","3,1","5,9","4,0","1,7","-0,3"
2012,"7,3","7,9","10,3","11,9","2,8","3,4"
2013,"-5,1","-7,2","-5,7","-8,6","-0,5","-1,9"
2014,"5,2","2,9","4,5","3,2","-0,6","7,2"
2015,"-3,4","-2,1","-6,2","-4,7","-2,9","-4,1"
2016,"9,0","9,6","8,6","11,2","-0,4","4,7"
2017,"5,8","3,1","2,7","-1,0","-2,9","-0,2"
2018,"-100,0","-100,0","-100,0","-100,0","-100,0","-100,0"
 ,,,,,,
2009 = 100 ,,,,,,
2009,"100,0","100,0","100,0","100,0","100,0","100,0"
2010,"100,7","101,7","103,0","101,6","102,4","101,8"
2011,"104,8","104,9","109,1","105,7","104,1","101,4"
2012,"112,5","113,2","120,4","118,3","107,0","104,9"
2013,"106,7","105,0","113,6","108,1","106,5","102,9"
2014,"112,3","108,1","118,7","111,5","105,8","110,3"
2015,"108,5","105,8","111,4","106,3","102,7","105,8"
2016,"118,2","115,9","120,9","118,2","102,3","110,7"
2017,"125,0","119,5","124,2","117,0","99,4","110,6"
2018,-,-,-,-,-,-
4       Weser-Ems                ,,,,,,
 ,,,,,,
2009,3965548,3687927,16539184,15726574,"4,2","33,3"
2010,4142375,3795800,17132676,16100103,"4,1","33,8"
2011,4238850,3895802,17287940,16220861,"4,1","34,5"
2012,4345573,3980088,17510705,16316612,"4,0","34,2"
2013,4450355,4095734,17517590,16423238,"3,9","34,7"
2014,4515608,4177160,17719544,16651470,"3,9","35,6"
2015,4588030,4241151,17968430,16926342,"3,9","35,4"
2016,4919790,4548117,18884763,17789046,"3,8","36,4"
2017,5067694,4692691,19409804,18303043,"3,8","36,5"
2018,-,-,-,-,-,-
 ,,,,,,
Veränd. zum Vorjahr ,,,,,,
2009,"1,8","2,1","3,2","3,3","1,4","0,9"
2010,"4,5","2,9","3,6","2,4","-0,8","1,5"
2011,"2,3","2,6","0,9","0,8","-1,4","2,0"
2012,"2,5","2,2","1,3","0,6","-1,2","-0,8"
2013,"2,4","2,9",-,"0,7","-2,3","1,4"
2014,"1,5","2,0","1,2","1,4","-0,3","2,6"
2015,"1,6","1,5","1,4","1,7","-0,2","-0,6"
2016,"7,2","7,2","5,1","5,1","-2,0","2,8"
2017,"3,0","3,2","2,8","2,9","-0,2","0,3"
2018,"-100,0","-100,0","-100,0","-100,0","-100,0","-100,0"
 ,,,,,,
2009 = 100 ,,,,,,
2009,"100,0","100,0","100,0","100,0","100,0","100,0"
2010,"104,5","102,9","103,6","102,4","99,2","101,5"
2011,"106,9","105,6","104,5","103,1","97,8","103,6"
2012,"109,6","107,9","105,9","103,8","96,6","102,7"
2013,"112,2","111,1","105,9","104,4","94,4","104,2"
2014,"113,9","113,3","107,1","105,9","94,1","106,9"
2015,"115,7","115,0","108,6","107,6","93,9","106,3"
2016,"124,1","123,3","114,2","113,1","92,0","109,2"
2017,"127,8","127,2","117,4","116,4","91,8","109,6"
2018,-,-,-,-,-,-
"401     Delmenhorst,Stadt        ",,,,,,
 ,,,,,,
2009,28266,26834,46151,43545,"1,6","27,3"
2010,25964,24310,48714,45765,"1,9","29,4"
2011,27147,25453,49390,46084,"1,8","29,9"
2012,29140,25433,49819,44161,"1,7","32,0"
2013,26940,24891,49983,45248,"1,9","32,6"
2014,28242,25886,53214,48049,"1,9","35,1"
2015,26691,24723,49491,45659,"1,9","28,5"
2016,29252,27140,54650,50413,"1,9","31,2"
2017,32720,30370,57722,53473,"1,8","31,5"
2018,-,-,-,-,-,-
 ,,,,,,
Veränd. zum Vorjahr ,,,,,,
2009,"-7,6","-5,2","-20,3","-19,2","-13,7","-18,3"
2010,"-8,1","-9,4","5,6","5,1","14,9","7,8"
2011,"4,6","4,7","1,4","0,7","-3,0","1,9"
2012,"7,3","-0,1","0,9","-4,2","-6,0","6,8"
2013,"-7,5","-2,1","0,3","2,5","8,5","1,9"
2014,"4,8","4,0","6,5","6,2","1,6","7,7"
2015,"-5,5","-4,5","-7,0","-5,0","-1,6","-18,9"
2016,"9,6","9,8","10,4","10,4","0,8","9,7"
2017,"11,9","11,9","5,6","6,1","-5,6","0,7"
2018,"-100,0","-100,0","-100,0","-100,0","-100,0","-100,0"
 ,,,,,,
2009 = 100 ,,,,,,
2009,"100,0","100,0","100,0","100,0","100,0","100,0"
2010,"91,9","90,6","105,6","105,1","114,9","107,8"
2011,"96,0","94,9","107,0","105,8","111,4","109,8"
2012,"103,1","94,8","107,9","101,4","104,7","117,3"
2013,"95,3","92,8","108,3","103,9","113,6","119,5"
2014,"99,9","96,5","115,3","110,3","115,4","128,7"
2015,"94,4","92,1","107,2","104,9","113,6","104,4"
2016,"103,5","101,1","118,4","115,8","114,4","114,5"
2017,"115,8","113,2","125,1","122,8","108,0","115,3"
2018,-,-,-,-,-,-
"402     Emden,Stadt              ",,,,,,
 ,,,,,,
2009,56941,53297,104783,95449,"1,8","33,1"
2010,58686,54620,115704,105382,"2,0","35,5"
2011,58739,55006,120110,108190,"2,0","36,8"
2012,62133,57941,126158,115953,"2,0","34,7"
2013,74086,69320,147280,135201,"2,0","38,9"
2014,74221,69848,153128,140994,"2,1","39,3"
2015,76177,70632,155403,139570,"2,0","39,5"
2016,83568,75187,172925,155331,"2,1","41,3"
2017,84106,78092,173058,156144,"2,1","41,3"
2018,-,-,-,-,-,-
 ,,,,,,
Veränd. zum Vorjahr ,,,,,,
2009,"-3,1","-3,5","-6,9","-7,9","-4,0","1,2"
2010,"3,1","2,5","10,4","10,4","7,1","7,4"
2011,"0,1","0,7","3,8","2,7","3,7","3,5"
2012,"5,8","5,3","5,0","7,2","-0,7","-5,6"
2013,"19,2","19,6","16,7","16,6","-2,1","12,1"
2014,"0,2","0,8","4,0","4,3","3,8","0,9"
2015,"2,6","1,1","1,5","-1,0","-1,1","0,5"
2016,"9,7","6,4","11,3","11,3","1,4","4,6"
2017,"0,6","3,9","0,1","0,5","-0,6","-0,1"
2018,"-100,0","-100,0","-100,0","-100,0","-100,0","-100,0"
 ,,,,,,
2009 = 100 ,,,,,,
2009,"100,0","100,0","100,0","100,0","100,0","100,0"
2010,"103,1","102,5","110,4","110,4","107,1","107,4"
2011,"103,2","103,2","114,6","113,3","111,1","111,2"
2012,"109,1","108,7","120,4","121,5","110,3","104,9"
2013,"130,1","130,1","140,6","141,6","108,0","117,6"
2014,"130,3","131,1","146,1","147,7","112,1","118,7"
2015,"133,8","132,5","148,3","146,2","110,9","119,3"
2016,"146,8","141,1","165,0","162,7","112,4","124,8"
2017,"147,7","146,5","165,2","163,6","111,8","124,7"
2018,-,-,-,-,-,-
"403     Oldenburg,Stadt          ",,,,,,
 ,,,,,,
2009,123599,112285,234294,213240,"1,9","32,1"
2010,132862,120683,281222,258547,"2,1","36,9"
2011,131124,120623,289930,270577,"2,2","38,2"
2012,131197,119774,298633,274881,"2,3","39,4"
2013,136678,125077,308038,283698,"2,3","40,8"
2014,146763,134209,330286,305956,"2,3","41,2"
2015,156219,143037,338878,314253,"2,2","42,4"
2016,161268,148054,353858,329723,"2,2","43,9"
2017,166489,153128,370458,346148,"2,2","44,7"
2018,-,-,-,-,-,-
 ,,,,,,
Veränd. zum Vorjahr ,,,,,,
2009,"10,1","10,0","20,3","21,4","9,2","7,4"
2010,"7,5","7,5","20,0","21,2","11,7","15,1"
2011,"-1,3",-,"3,1","4,7","4,5","3,3"
2012,"0,1","-0,7","3,0","1,6","2,9","3,2"
2013,"4,2","4,4","3,1","3,2","-1,0","3,5"
2014,"7,4","7,3","7,2","7,8","-0,1","1,2"
2015,"6,4","6,6","2,6","2,7","-3,6","2,8"
2016,"3,2","3,5","4,4","4,9","1,2","3,5"
2017,"3,2","3,4","4,7","5,0","1,4","1,8"
2018,"-100,0","-100,0","-100,0","-100,0","-100,0","-100,0"
 ,,,,,,
2009 = 100 ,,,,,,
2009,"100,0","100,0","100,0","100,0","100,0","100,0"
2010,"107,5","107,5","120,0","121,2","111,7","115,1"
2011,"106,1","107,4","123,7","126,9","116,6","118,9"
2012,"106,1","106,7","127,5","128,9","120,1","122,6"
2013,"110,6","111,4","131,5","133,0","118,9","126,9"
2014,"118,7","119,5","141,0","143,5","118,7","128,5"
2015,"126,4","127,4","144,6","147,4","114,4","132,1"
2016,"130,5","131,9","151,0","154,6","115,8","136,7"
2017,"134,7","136,4","158,1","162,3","117,4","139,2"
2018,-,-,-,-,-,-
"404     Osnabrück,Stadt          ",,,,,,
 ,,,,,,
2009,192948,164772,289636,246181,"1,5","34,6"
2010,196615,164424,298957,251391,"1,5","36,1"
2011,199252,166752,308184,258381,"1,5","36,4"
2012,202944,169035,315293,262140,"1,6","36,9"
2013,209290,173171,324896,264274,"1,6","37,8"
2014,204039,166230,313425,254446,"1,5","36,3"
2015,246264,202371,392962,316057,"1,6","37,7"
2016,293717,237307,470418,370441,"1,6","39,7"
2017,312242,256780,482609,391154,"1,5","40,2"
2018,-,-,-,-,-,-
 ,,,,,,
Veränd. zum Vorjahr ,,,,,,
2009,"-4,2","-2,5","-5,3","-3,8","-1,1","-7,2"
2010,"1,9","-0,2","3,2","2,1","1,3","4,4"
2011,"1,3","1,4","3,1","2,8","1,7","0,8"
2012,"1,9","1,4","2,3","1,5","0,4","1,3"
2013,"3,1","2,4","3,0","0,8","-0,1","2,6"
2014,"-2,5","-4,0","-3,5","-3,7","-1,0","-4,0"
2015,"20,7","21,7","25,4","24,2","3,9","3,8"
2016,"19,3","17,3","19,7","17,2","0,4","5,3"
2017,"6,3","8,2","2,6","5,6","-3,5","1,1"
2018,"-100,0","-100,0","-100,0","-100,0","-100,0","-100,0"
 ,,,,,,
2009 = 100 ,,,,,,
2009,"100,0","100,0","100,0","100,0","100,0","100,0"
2010,"101,9","99,8","103,2","102,1","101,3","104,4"
2011,"103,3","101,2","106,4","105,0","103,0","105,3"
2012,"105,2","102,6","108,9","106,5","103,5","106,7"
2013,"108,5","105,1","112,2","107,3","103,4","109,4"
2014,"105,7","100,9","108,2","103,4","102,3","105,1"
2015,"127,6","122,8","135,7","128,4","106,3","109,1"
2016,"152,2","144,0","162,4","150,5","106,7","114,9"
2017,"161,8","155,8","166,6","158,9","103,0","116,1"
2018,-,-,-,-,-,-
"405     Wilhelmshaven,Stadt      ",,,,,,
 ,,,,,,
2009,70579,65656,219792,204418,"3,1","42,5"
2010,84473,77378,250522,230753,"3,0","43,7"
2011,98017,89190,280675,250485,"2,9","43,2"
2012,96931,87776,287954,252450,"3,0","43,9"
2013,105541,95185,294515,264282,"2,8","40,2"
2014,113578,103342,311369,284460,"2,7","42,3"
2015,121100,109978,331137,302167,"2,7","44,3"
2016,126738,115893,347728,318900,"2,7","46,5"
2017,135379,126354,365690,343311,"2,7","49,0"
2018,-,-,-,-,-,-
 ,,,,,,
Veränd. zum Vorjahr ,,,,,,
2009,"-4,0","-4,6","0,9","-0,6","5,0","4,2"
2010,"19,7","17,9","14,0","12,9","-4,8","2,8"
2011,"16,0","15,3","12,0","8,6","-3,4","-1,1"
2012,"-1,1","-1,6","2,6","0,8","3,7","1,5"
2013,"8,9","8,4","2,3","4,7","-6,1","-8,4"
2014,"7,6","8,6","5,7","7,6","-1,8","5,2"
2015,"6,6","6,4","6,3","6,2","-0,3","4,7"
2016,"4,7","5,4","5,0","5,5","0,3","5,0"
2017,"6,8","9,0","5,2","7,7","-1,5","5,4"
2018,"-100,0","-100,0","-100,0","-100,0","-100,0","-100,0"
 ,,,,,,
2009 = 100 ,,,,,,
2009,"100,0","100,0","100,0","100,0","100,0","100,0"
2010,"119,7","117,9","114,0","112,9","95,2","102,8"
2011,"138,9","135,8","127,7","122,5","92,0","101,7"
2012,"137,3","133,7","131,0","123,5","95,4","103,3"
2013,"149,5","145,0","134,0","129,3","89,6","94,6"
2014,"160,9","157,4","141,7","139,2","88,0","99,5"
2015,"171,6","167,5","150,7","147,8","87,8","104,2"
2016,"179,6","176,5","158,2","156,0","88,1","109,4"
2017,"191,8","192,4","166,4","167,9","86,7","115,3"
2018,-,-,-,-,-,-
451     Ammerland                ,,,,,,
 ,,,,,,
2009,234164,222921,744013,721668,"3,2","35,2"
2010,233348,222261,750018,726921,"3,2","34,5"
2011,242185,230755,779151,755983,"3,2","35,0"
2012,239311,229586,770835,749789,"3,2","36,1"
2013,236178,225708,771585,750939,"3,3","37,7"
2014,249742,237723,806990,782115,"3,2","37,9"
2015,258374,245749,821988,796199,"3,2","38,9"
2016,260834,249143,836059,810049,"3,2","39,4"
2017,274525,262830,867637,842428,"3,2","39,1"
2018,-,-,-,-,-,-
 ,,,,,,
Veränd. zum Vorjahr ,,,,,,
2009,"-4,1","-3,6","-0,9","-0,2","3,3","-2,1"
2010,"-0,3","-0,3","0,8","0,7","1,2","-2,0"
2011,"3,8","3,8","3,9","4,0","0,1","1,4"
2012,"-1,2","-0,5","-1,1","-0,8","0,1","3,1"
2013,"-1,3","-1,7","0,1","0,2","1,4","4,7"
2014,"5,7","5,3","4,6","4,2","-1,1","0,3"
2015,"3,5","3,4","1,9","1,8","-1,5","2,8"
2016,"1,0","1,4","1,7","1,7","0,8","1,1"
2017,"5,2","5,5","3,8","4,0","-1,4","-0,6"
2018,"-100,0","-100,0","-100,0","-100,0","-100,0","-100,0"
 ,,,,,,
2009 = 100 ,,,,,,
2009,"100,0","100,0","100,0","100,0","100,0","100,0"
2010,"99,7","99,7","100,8","100,7","101,2","98,0"
2011,"103,4","103,5","104,7","104,8","101,3","99,3"
2012,"102,2","103,0","103,6","103,9","101,4","102,4"
2013,"100,9","101,3","103,7","104,1","102,8","107,2"
2014,"106,7","106,6","108,5","108,4","101,7","107,5"
2015,"110,3","110,2","110,5","110,3","100,1","110,5"
2016,"111,4","111,8","112,4","112,2","100,9","111,8"
2017,"117,2","117,9","116,6","116,7","99,5","111,1"
2018,-,-,-,-,-,-
452     Aurich                   ,,,,,,
 ,,,,,,
2009,686762,670747,3657148,3607645,"5,3","36,0"
2010,692775,676839,3693327,3645273,"5,3","36,2"
2011,699223,686522,3652400,3609942,"5,2","35,6"
2012,690956,677449,3630958,3587586,"5,3","35,0"
2013,713644,701058,3630273,3586124,"5,1","35,2"
2014,743551,731483,3697632,3653743,"5,0","36,6"
2015,752354,737180,3795369,3743660,"5,0","36,7"
2016,817934,801092,4029296,3977327,"4,9","37,1"
2017,841257,825448,4074470,4020916,"4,8","37,5"
2018,-,-,-,-,-,-
 ,,,,,,
Veränd. zum Vorjahr ,,,,,,
2009,"8,7","8,7","9,8","9,8","1,0","10,1"
2010,"0,9","0,9","1,0","1,0","0,1","0,4"
2011,"0,9","1,4","-1,1","-1,0","-2,0","-1,5"
2012,"-1,2","-1,3","-0,6","-0,6","0,6","-1,8"
2013,"3,3","3,5",-,-,"-3,2","0,7"
2014,"4,2","4,3","1,9","1,9","-2,2","4,1"
2015,"1,2","0,8","2,6","2,5","1,4","0,1"
2016,"8,7","8,7","6,2","6,2","-2,3","1,2"
2017,"2,9","3,0","1,1","1,1","-1,7","0,9"
2018,"-100,0","-100,0","-100,0","-100,0","-100,0","-100,0"
 ,,,,,,
2009 = 100 ,,,,,,
2009,"100,0","100,0","100,0","100,0","100,0","100,0"
2010,"100,9","100,9","101,0","101,0","100,1","100,4"
2011,"101,8","102,4","99,9","100,1","98,1","98,8"
2012,"100,6","101,0","99,3","99,4","98,7","97,1"
2013,"103,9","104,5","99,3","99,4","95,5","97,7"
2014,"108,3","109,1","101,1","101,3","93,4","101,7"
2015,"109,6","109,9","103,8","103,8","94,7","101,8"
2016,"119,1","119,4","110,2","110,2","92,5","103,1"
2017,"122,5","123,1","111,4","111,5","91,0","104,0"
2018,-,-,-,-,-,-
453     Cloppenburg              ,,,,,,
 ,,,,,,
2009,126218,101546,347253,242151,"2,8","23,5"
2010,137939,113416,364148,260955,"2,6","24,1"
2011,143363,119142,368167,265055,"2,6","24,7"
2012,144026,119988,376090,270831,"2,6","23,4"
2013,139797,119091,359778,267795,"2,6","22,7"
2014,147770,125171,385301,284647,"2,6","25,0"
2015,143709,121060,380858,280021,"2,7","24,5"
2016,149341,125628,399965,300897,"2,7","25,3"
2017,159740,136032,421103,327226,"2,6","25,2"
2018,-,-,-,-,-,-
 ,,,,,,
Veränd. zum Vorjahr ,,,,,,
2009,"-0,1","1,5","-0,3","3,6","-0,2","-4,4"
2010,"9,3","11,7","4,9","7,8","-4,0","2,6"
2011,"3,9","5,0","1,1","1,6","-2,7","2,3"
2012,"0,5","0,7","2,2","2,2","1,7","-5,4"
2013,"-2,9","-0,7","-4,3","-1,1","-1,4","-2,7"
2014,"5,7","5,1","7,1","6,3","1,3","9,8"
2015,"-2,7","-3,3","-1,2","-1,6","1,6","-1,7"
2016,"3,9","3,8","5,0","7,5","1,1","3,1"
2017,"7,0","8,3","5,3","8,8","-1,6","-0,5"
2018,"-100,0","-100,0","-100,0","-100,0","-100,0","-100,0"
 ,,,,,,
2009 = 100 ,,,,,,
2009,"100,0","100,0","100,0","100,0","100,0","100,0"
2010,"109,3","111,7","104,9","107,8","96,0","102,6"
2011,"113,6","117,3","106,0","109,5","93,3","104,9"
2012,"114,1","118,2","108,3","111,8","94,9","99,3"
2013,"110,8","117,3","103,6","110,6","93,5","96,6"
2014,"117,1","123,3","111,0","117,5","94,8","106,1"
2015,"113,9","119,2","109,7","115,6","96,3","104,2"
2016,"118,3","123,7","115,2","124,3","97,3","107,4"
2017,"126,6","134,0","121,3","135,1","95,8","106,9"
2018,-,-,-,-,-,-
454     Emsland                  ,,,,,,
 ,,,,,,
2009,510190,475561,1627539,1506529,"3,2","32,4"
2010,533828,496585,1754298,1629528,"3,3","35,1"
2011,566922,524167,1895623,1755832,"3,3","37,6"
2012,582074,537631,1994989,1833936,"3,4","38,4"
2013,598007,552471,1938484,1786095,"3,2","37,4"
2014,641096,596448,1994726,1848177,"3,1","39,2"
2015,608811,563656,1939938,1786522,"3,2","37,5"
2016,651071,602848,2064469,1900760,"3,2","37,4"
2017,677086,626890,2171486,1991593,"3,2","37,9"
2018,-,-,-,-,-,-
 ,,,,,,
Veränd. zum Vorjahr ,,,,,,
2009,"3,8","4,8","1,5","2,4","-2,2","-2,7"
2010,"4,6","4,4","7,8","8,2","3,0","8,1"
2011,"6,2","5,6","8,1","7,8","1,7","7,3"
2012,"2,7","2,6","5,2","4,4","2,5","2,0"
2013,"2,7","2,8","-2,8","-2,6","-5,4","-2,7"
2014,"7,2","8,0","2,9","3,5","-4,0","5,0"
2015,"-5,0","-5,5","-2,7","-3,3","2,4","-4,4"
2016,"6,9","7,0","6,4","6,4","-0,5","-0,3"
2017,"4,0","4,0","5,2","4,8","1,1","1,3"
2018,"-100,0","-100,0","-100,0","-100,0","-100,0","-100,0"
 ,,,,,,
2009 = 100 ,,,,,,
2009,"100,0","100,0","100,0","100,0","100,0","100,0"
2010,"104,6","104,4","107,8","108,2","103,0","108,1"
2011,"111,1","110,2","116,5","116,5","104,8","116,0"
2012,"114,1","113,1","122,6","121,7","107,4","118,4"
2013,"117,2","116,2","119,1","118,6","101,6","115,2"
2014,"125,7","125,4","122,6","122,7","97,5","120,9"
2015,"119,3","118,5","119,2","118,6","99,9","115,6"
2016,"127,6","126,8","126,8","126,2","99,4","115,3"
2017,"132,7","131,8","133,4","132,2","100,5","116,8"
2018,-,-,-,-,-,-
455     Friesland                ,,,,,,
 ,,,,,,
2009,339236,331969,1901074,1884932,"5,6","31,6"
2010,351614,342948,1919706,1901017,"5,5","31,2"
2011,355686,347588,1933016,1914279,"5,4","33,3"
2012,405862,392156,2006509,1937848,"4,9","32,7"
2013,415163,409179,2007451,1991275,"4,8","34,0"
2014,389611,382906,2016347,1998150,"5,2","35,2"
2015,389783,383469,2082916,2066274,"5,3","35,8"
2016,412019,405758,2075435,2056235,"5,0","35,8"
2017,405359,398757,2173963,2148975,"5,4","36,2"
2018,-,-,-,-,-,-
 ,,,,,,
Veränd. zum Vorjahr ,,,,,,
2009,"2,1","2,1","-1,2","-1,2","-3,2","-8,2"
2010,"3,6","3,3","1,0","0,9","-2,6","-1,3"
2011,"1,2","1,4","0,7","0,7","-0,5","6,8"
2012,"14,1","12,8","3,8","1,2","-9,0","-1,9"
2013,"2,3","4,3",-,"2,8","-2,2","4,0"
2014,"-6,2","-6,4","0,4","0,3","7,0","3,5"
2015,-,"0,1","3,3","3,4","3,3","1,7"
2016,"5,7","5,8","-0,4","-0,5","-5,7","0,1"
2017,"-1,6","-1,7","4,7","4,5","6,5","1,1"
2018,"-100,0","-100,0","-100,0","-100,0","-100,0","-100,0"
 ,,,,,,
2009 = 100 ,,,,,,
2009,"100,0","100,0","100,0","100,0","100,0","100,0"
2010,"103,6","103,3","101,0","100,9","97,4","98,7"
2011,"104,8","104,7","101,7","101,6","97,0","105,4"
2012,"119,6","118,1","105,5","102,8","88,2","103,4"
2013,"122,4","123,3","105,6","105,6","86,3","107,5"
2014,"114,8","115,3","106,1","106,0","92,4","111,2"
2015,"114,9","115,5","109,6","109,6","95,4","113,1"
2016,"121,5","122,2","109,2","109,1","89,9","113,3"
2017,"119,5","120,1","114,4","114,0","95,7","114,5"
2018,-,-,-,-,-,-
456     Grafschaft Bentheim      ,,,,,,
 ,,,,,,
2009,182515,120631,627420,410188,"3,4","29,8"
2010,234645,127591,822155,419820,"3,5","35,2"
2011,228184,123302,832945,411827,"3,7","35,2"
2012,241756,129270,885123,446185,"3,7","39,4"
2013,249859,139055,878503,461149,"3,5","37,5"
2014,206791,121475,743104,406039,"3,6","29,0"
2015,207285,120218,725811,400083,"3,5","27,5"
2016,212663,124637,739308,418186,"3,5","31,5"
2017,231687,137856,795734,469222,"3,4","32,9"
2018,-,-,-,-,-,-
 ,,,,,,
Veränd. zum Vorjahr ,,,,,,
2009,"7,3","-0,4","14,9","4,5","7,1","-9,4"
2010,"28,6","5,8","31,0","2,3","1,9","18,0"
2011,"-2,8","-3,4","1,3","-1,9","4,2",-
2012,"5,9","4,8","6,3","8,3","0,3","12,0"
2013,"3,4","7,6","-0,7","3,4","-4,0","-4,9"
2014,"-17,2","-12,6","-15,4","-12,0","2,2","-22,7"
2015,"0,2","-1,0","-2,3","-1,5","-2,6","-5,3"
2016,"2,6","3,7","1,9","4,5","-0,7","14,6"
2017,"8,9","10,6","7,6","12,2","-1,2","4,6"
2018,"-100,0","-100,0","-100,0","-100,0","-100,0","-100,0"
 ,,,,,,
2009 = 100 ,,,,,,
2009,"100,0","100,0","100,0","100,0","100,0","100,0"
2010,"128,6","105,8","131,0","102,3","101,9","118,0"
2011,"125,0","102,2","132,8","100,4","106,2","118,1"
2012,"132,5","107,2","141,1","108,8","106,5","132,3"
2013,"136,9","115,3","140,0","112,4","102,3","125,9"
2014,"113,3","100,7","118,4","99,0","104,5","97,3"
2015,"113,6","99,7","115,7","97,5","101,9","92,2"
2016,"116,5","103,3","117,8","101,9","101,1","105,6"
2017,"126,9","114,3","126,8","114,4","99,9","110,5"
2018,-,-,-,-,-,-
457     Leer                     ,,,,,,
 ,,,,,,
2009,249441,241431,1494022,1475083,"6,0","36,0"
2010,255518,247038,1538372,1515181,"6,0","38,6"
2011,268242,259355,1554955,1532692,"5,8","38,4"
2012,274104,264280,1524116,1499707,"5,6","38,0"
2013,269867,260891,1519029,1495548,"5,6","39,2"
2014,273173,263839,1538815,1513154,"5,6","41,0"
2015,274000,264269,1544109,1520107,"5,6","40,9"
2016,316361,305740,1709969,1678064,"5,4","40,0"
2017,319153,309480,1726218,1699425,"5,4","40,5"
2018,-,-,-,-,-,-
 ,,,,,,
Veränd. zum Vorjahr ,,,,,,
2009,"0,8","1,0","1,1","1,3","0,2","4,9"
2010,"2,4","2,3","3,0","2,7","0,5","7,3"
2011,"5,0","5,0","1,1","1,2","-3,7","-0,5"
2012,"2,2","1,9","-2,0","-2,2","-4,1","-0,9"
2013,"-1,5","-1,3","-0,3","-0,3","1,2","2,9"
2014,"1,2","1,1","1,3","1,2","0,1","4,7"
2015,"0,3","0,2","0,3","0,5",-,"-0,2"
2016,"15,5","15,7","10,7","10,4","-4,1","-2,2"
2017,"0,9","1,2","1,0","1,3","0,1","1,2"
2018,"-100,0","-100,0","-100,0","-100,0","-100,0","-100,0"
 ,,,,,,
2009 = 100 ,,,,,,
2009,"100,0","100,0","100,0","100,0","100,0","100,0"
2010,"102,4","102,3","103,0","102,7","100,5","107,3"
2011,"107,5","107,4","104,1","103,9","96,8","106,7"
2012,"109,9","109,5","102,0","101,7","92,8","105,8"
2013,"108,2","108,1","101,7","101,4","94,0","108,9"
2014,"109,5","109,3","103,0","102,6","94,1","114,1"
2015,"109,8","109,5","103,4","103,1","94,1","113,9"
2016,"126,8","126,6","114,5","113,8","90,2","111,4"
2017,"127,9","128,2","115,5","115,2","90,3","112,7"
2018,-,-,-,-,-,-
458     Oldenburg                ,,,,,,
 ,,,,,,
2009,118521,107253,242119,223644,"2,0","18,7"
2010,124262,112096,255904,236952,"2,1","19,9"
2011,122950,111511,248398,225369,"2,0","19,6"
2012,128417,116707,257537,238981,"2,0","19,5"
2013,131379,118480,254133,234286,"1,9","18,6"
2014,139444,126800,271028,251299,"1,9","20,3"
2015,150928,135411,286511,260657,"1,9","20,0"
2016,166755,150249,318466,284876,"1,9","21,9"
2017,165866,149598,321889,290620,"1,9","22,1"
2018,-,-,-,-,-,-
 ,,,,,,
Veränd. zum Vorjahr ,,,,,,
2009,"-4,1","-5,0","0,9","0,8","5,3","-5,7"
2010,"4,8","4,5","5,7","6,0","0,8","6,0"
2011,"-1,1","-0,5","-2,9","-4,9","-1,9","-1,1"
2012,"4,4","4,7","3,7","6,0","-0,7","-0,6"
2013,"2,3","1,5","-1,3","-2,0","-3,5","-4,6"
2014,"6,1","7,0","6,6","7,3","0,5","8,8"
2015,"8,2","6,8","5,7","3,7","-2,3","-1,1"
2016,"10,5","11,0","11,2","9,3","0,6","9,5"
2017,"-0,5","-0,4","1,1","2,0","1,6","0,8"
2018,"-100,0","-100,0","-100,0","-100,0","-100,0","-100,0"
 ,,,,,,
2009 = 100 ,,,,,,
2009,"100,0","100,0","100,0","100,0","100,0","100,0"
2010,"104,8","104,5","105,7","106,0","100,8","106,0"
2011,"103,7","104,0","102,6","100,8","98,9","104,8"
2012,"108,3","108,8","106,4","106,9","98,2","104,2"
2013,"110,8","110,5","105,0","104,8","94,7","99,4"
2014,"117,7","118,2","111,9","112,4","95,1","108,1"
2015,"127,3","126,3","118,3","116,5","92,9","106,9"
2016,"140,7","140,1","131,5","127,4","93,5","117,1"
2017,"139,9","139,5","132,9","129,9","95,0","118,1"
2018,-,-,-,-,-,-
459     Osnabrück                ,,,,,,
 ,,,,,,
2009,320949,298999,1489389,1435024,"4,6","30,2"
2010,361382,325324,1593976,1519275,"4,4","31,6"
2011,357736,322965,1489117,1417395,"4,2","31,3"
2012,382300,346605,1570457,1477322,"4,1","32,4"
2013,389132,354105,1577314,1486337,"4,1","32,6"
2014,386657,350727,1600787,1473887,"4,1","33,0"
2015,390424,362160,1576664,1499481,"4,0","33,2"
2016,411232,381701,1617100,1536797,"3,9","36,9"
2017,427190,396749,1696505,1613857,"4,0","36,5"
2018,-,-,-,-,-,-
 ,,,,,,
Veränd. zum Vorjahr ,,,,,,
2009,"-9,4","-6,9","-2,1","-1,1","8,2","-1,2"
2010,"12,6","8,8","7,0","5,9","-5,0","4,5"
2011,"-1,0","-0,7","-6,6","-6,7","-5,6","-0,9"
2012,"6,9","7,3","5,5","4,2","-1,3","3,5"
2013,"1,8","2,2","0,4","0,6","-1,3","0,6"
2014,"-0,6","-1,0","1,5","-0,8","2,1","1,2"
2015,"1,0","3,3","-1,5","1,7","-2,5","0,7"
2016,"5,3","5,4","2,6","2,5","-2,6","11,0"
2017,"3,9","3,9","4,9","5,0","1,0","-1,0"
2018,"-100,0","-100,0","-100,0","-100,0","-100,0","-100,0"
 ,,,,,,
2009 = 100 ,,,,,,
2009,"100,0","100,0","100,0","100,0","100,0","100,0"
2010,"112,6","108,8","107,0","105,9","95,0","104,5"
2011,"111,5","108,0","100,0","98,8","89,7","103,6"
2012,"119,1","115,9","105,4","102,9","88,5","107,2"
2013,"121,2","118,4","105,9","103,6","87,3","107,9"
2014,"120,5","117,3","107,5","102,7","89,2","109,2"
2015,"121,6","121,1","105,9","104,5","87,0","110,0"
2016,"128,1","127,7","108,6","107,1","84,7","122,0"
2017,"133,1","132,7","113,9","112,5","85,6","120,8"
2018,-,-,-,-,-,-
460     Vechta                   ,,,,,,
 ,,,,,,
2009,114343,99927,270783,245312,"2,4","26,8"
2010,117038,105253,312471,290071,"2,7","28,4"
2011,119456,108603,296562,275144,"2,5","24,9"
2012,122091,110327,303119,278684,"2,5","25,4"
2013,121283,108905,304226,279757,"2,5","29,3"
2014,120589,107287,294548,267677,"2,4","30,2"
2015,128750,116611,318115,295575,"2,5","28,2"
2016,135836,123556,346284,320879,"2,5","30,8"
2017,142921,128523,362324,328518,"2,5","29,4"
2018,-,-,-,-,-,-
 ,,,,,,
Veränd. zum Vorjahr ,,,,,,
2009,"4,2","3,9","7,1","6,7","2,8","9,9"
2010,"2,4","5,3","15,4","18,2","12,7","5,8"
2011,"2,1","3,2","-5,1","-5,1","-7,0","-12,2"
2012,"2,2","1,6","2,2","1,3",-,"2,1"
2013,"-0,7","-1,3","0,4","0,4","1,0","15,0"
2014,"-0,6","-1,5","-3,2","-4,3","-2,6","3,1"
2015,"6,8","8,7","8,0","10,4","1,2","-6,5"
2016,"5,5","6,0","8,9","8,6","3,2","9,3"
2017,"5,2","4,0","4,6","2,4","-0,6","-4,4"
2018,"-100,0","-100,0","-100,0","-100,0","-100,0","-100,0"
 ,,,,,,
2009 = 100 ,,,,,,
2009,"100,0","100,0","100,0","100,0","100,0","100,0"
2010,"102,4","105,3","115,4","118,2","112,7","105,8"
2011,"104,5","108,7","109,5","112,2","104,8","92,9"
2012,"106,8","110,4","111,9","113,6","104,8","94,8"
2013,"106,1","109,0","112,4","114,0","105,9","109,0"
2014,"105,5","107,4","108,8","109,1","103,1","112,4"
2015,"112,6","116,7","117,5","120,5","104,3","105,0"
2016,"118,8","123,6","127,9","130,8","107,6","114,8"
2017,"125,0","128,6","133,8","133,9","107,1","109,7"
2018,-,-,-,-,-,-
461     Wesermarsch              ,,,,,,
 ,,,,,,
2009,164812,153084,719648,666798,"4,4","37,7"
2010,156520,144919,665369,612522,"4,3","34,5"
2011,164611,153625,674755,628146,"4,1","34,4"
2012,167517,157773,689246,648176,"4,1","32,4"
2013,176943,167841,737582,697531,"4,2","36,4"
2014,190415,179760,774058,726201,"4,1","36,5"
2015,190319,180277,776598,731712,"4,1","37,0"
2016,199210,188605,796952,750729,"4,0","36,9"
2017,198014,187853,774093,726582,"3,9","36,4"
2018,-,-,-,-,-,-
 ,,,,,,
Veränd. zum Vorjahr ,,,,,,
2009,"-3,1","-1,7","-2,0","-0,2","1,2","-2,0"
2010,"-5,0","-5,3","-7,5","-8,1","-2,6","-8,5"
2011,"5,2","6,0","1,4","2,6","-3,6","-0,2"
2012,"1,8","2,7","2,1","3,2","0,4","-5,9"
2013,"5,6","6,4","7,0","7,6","1,3","12,3"
2014,"7,6","7,1","4,9","4,1","-2,5","0,2"
2015,"-0,1","0,3","0,3","0,8","0,4","1,4"
2016,"4,7","4,6","2,6","2,6","-2,0",-
2017,"-0,6","-0,4","-2,9","-3,2","-2,3","-1,6"
2018,"-100,0","-100,0","-100,0","-100,0","-100,0","-100,0"
 ,,,,,,
2009 = 100 ,,,,,,
2009,"100,0","100,0","100,0","100,0","100,0","100,0"
2010,"95,0","94,7","92,5","91,9","97,4","91,5"
2011,"99,9","100,4","93,8","94,2","93,9","91,3"
2012,"101,6","103,1","95,8","97,2","94,2","86,0"
2013,"107,4","109,6","102,5","104,6","95,5","96,5"
2014,"115,5","117,4","107,6","108,9","93,1","96,7"
2015,"115,5","117,8","107,9","109,7","93,5","98,0"
2016,"120,9","123,2","110,7","112,6","91,6","98,0"
2017,"120,1","122,7","107,6","109,0","89,5","96,4"
2018,-,-,-,-,-,-
462     Wittmund                 ,,,,,,
 ,,,,,,
2009,446064,441014,2524120,2504767,"5,7","36,6"
2010,444906,440115,2467813,2450750,"5,5","34,1"
2011,456013,451243,2514562,2495480,"5,5","36,2"
2012,444814,438357,2423869,2397982,"5,4","33,9"
2013,456568,451306,2414520,2393699,"5,3","34,3"
2014,459926,454026,2434786,2412476,"5,3","36,9"
2015,466842,460350,2451682,2428345,"5,3","36,3"
2016,491991,485579,2551881,2529439,"5,2","36,8"
2017,493960,487951,2574845,2553451,"5,2","36,2"
2018,-,-,-,-,-,-
 ,,,,,,
Veränd. zum Vorjahr ,,,,,,
2009,"6,7","6,5","5,1","5,0","-1,5","4,0"
2010,"-0,3","-0,2","-2,2","-2,2","-2,0","-6,9"
2011,"2,5","2,5","1,9","1,8","-0,6","6,2"
2012,"-2,5","-2,9","-3,6","-3,9","-1,2","-6,5"
2013,"2,6","3,0","-0,4","-0,2","-3,0","1,3"
2014,"0,7","0,6","0,8","0,8","0,1","7,5"
2015,"1,5","1,4","0,7","0,7","-0,8","-1,6"
2016,"5,4","5,5","4,1","4,2","-1,2","1,2"
2017,"0,4","0,5","0,9","0,9","0,5","-1,6"
2018,"-100,0","-100,0","-100,0","-100,0","-100,0","-100,0"
 ,,,,,,
2009 = 100 ,,,,,,
2009,"100,0","100,0","100,0","100,0","100,0","100,0"
2010,"99,7","99,8","97,8","97,8","98,0","93,1"
2011,"102,2","102,3","99,6","99,6","97,4","98,9"
2012,"99,7","99,4","96,0","95,7","96,3","92,4"
2013,"102,4","102,3","95,7","95,6","93,5","93,7"
2014,"103,1","103,0","96,5","96,3","93,6","100,8"
2015,"104,7","104,4","97,1","96,9","92,8","99,1"
2016,"110,3","110,1","101,1","101,0","91,7","100,3"
2017,"110,7","110,6","102,0","101,9","92,1","98,7"
2018,-,-,-,-,-,-
,,,,,,
1) bis 2012 sonstige europäische Länder.,,,,,,
,,,,,,
Betriebe und Schlafgelegenheiten in Jahreszeile: Jahreswert gleich Jahresdurchschnittswert auf Gemeindeebene.,,,,,,
Doppelbetten zählen als 2 Schlafgelegenheiten.,,,,,,
Für Camping wird 1 Stellplatz in 4 Schlafgelegenheiten umgerechnet.,,,,,,
