2009,01,01001,4938,8124
2009,01,01002,11928,25168
2009,01,01003,21507,43169
2009,01,01004,3618,8140
2009,01,01051,4725,18386
2009,01,01053,6206,27848
2009,01,01054,31402,193745
2009,01,01055,28821,128713
2009,01,01056,10865,22244
2009,01,01057,5572,21782
2009,01,01058,16363,67185
2009,01,01059,10688,23248
2009,01,01060,13203,41340
2009,01,01061,2033,4503
2009,01,01062,8369,15452
2009,02,01001,4857,8134
2009,02,01002,13890,27629
2009,02,01003,22718,45876
2009,02,01004,3549,8945
2009,02,01051,6529,21637
2009,02,01053,7748,32483
2009,02,01054,44104,222719
2009,02,01055,38150,151017
2009,02,01056,11773,22584
2009,02,01057,6720,24599
2009,02,01058,21170,82933
2009,02,01059,13868,29525
2009,02,01060,14899,43312
2009,02,01061,2445,5020
2009,02,01062,9907,17779
2009,03,01001,5591,9305
2009,03,01002,17256,34686
2009,03,01003,28726,61262
2009,03,01004,4202,9263
2009,03,01051,11588,48810
2009,03,01053,9436,38275
2009,03,01054,61351,327162
2009,03,01055,51589,213419
2009,03,01056,14073,28399
2009,03,01057,9158,34196
2009,03,01058,24340,93002
2009,03,01059,18178,39094
2009,03,01060,17984,51604
2009,03,01061,2998,6827
2009,03,01062,11055,20811
2009,04,01001,7817,13162
2009,04,01002,15916,31732
2009,04,01003,40186,85875
2009,04,01004,3110,7773
2009,04,01051,23231,113467
2009,04,01053,12386,44071
2009,04,01054,100204,556440
2009,04,01055,93115,416675
2009,04,01056,17894,40182
2009,04,01057,14207,60019
2009,04,01058,30054,123112
2009,04,01059,25918,70539
2009,04,01060,17819,54868
2009,04,01061,3724,8667
2009,04,01062,11561,22140
2009,05,01001,8710,14583
2009,05,01002,25047,46784
2009,05,01003,47884,102376
2009,05,01004,4006,8288
2009,05,01051,29437,146576
2009,05,01053,20090,61688
2009,05,01054,129661,726728
2009,05,01055,118983,547391
2009,05,01056,23509,55665
2009,05,01057,22380,86387
2009,05,01058,38921,148146
2009,05,01059,37705,111656
2009,05,01060,22698,62552
2009,05,01061,6096,13787
2009,05,01062,15436,29668
2009,06,01001,9074,14909
2009,06,01002,28411,53067
2009,06,01003,51742,111242
2009,06,01004,4837,9795
2009,06,01051,28089,157238
2009,06,01053,19739,59605
2009,06,01054,127899,812988
2009,06,01055,119638,640426
2009,06,01056,23582,55837
2009,06,01057,26554,108958
2009,06,01058,43453,165976
2009,06,01059,37473,119098
2009,06,01060,23443,62626
2009,06,01061,6374,13318
2009,06,01062,15461,27772
2009,07,01001,13387,21241
2009,07,01002,31423,59164
2009,07,01003,69567,157121
2009,07,01004,4728,9488
2009,07,01051,37255,236973
2009,07,01053,23200,76476
2009,07,01054,153676,1101008
2009,07,01055,153075,1016505
2009,07,01056,23397,64486
2009,07,01057,30217,167988
2009,07,01058,45346,225207
2009,07,01059,45665,187294
2009,07,01060,25321,72463
2009,07,01061,6489,15370
2009,07,01062,14038,32382
2009,08,01001,11202,18340
2009,08,01002,27938,55284
2009,08,01003,61760,150191
2009,08,01004,4488,8914
2009,08,01051,36807,233426
2009,08,01053,20603,67923
2009,08,01054,158547,1131719
2009,08,01055,145547,908705
2009,08,01056,23598,60244
2009,08,01057,27475,153868
2009,08,01058,42919,220095
2009,08,01059,42090,168552
2009,08,01060,23186,70898
2009,08,01061,5508,14640
2009,08,01062,13665,28528
2009,09,01001,9042,16011
2009,09,01002,25296,48986
2009,09,01003,53088,115545
2009,09,01004,4420,11157
2009,09,01051,29970,170310
2009,09,01053,19984,61071
2009,09,01054,129115,806146
2009,09,01055,102384,564206
2009,09,01056,23478,55150
2009,09,01057,20909,89742
2009,09,01058,37384,149464
2009,09,01059,34822,103983
2009,09,01060,23815,63214
2009,09,01061,5109,11516
2009,09,01062,15590,28620
2009,10,01001,7899,13980
2009,10,01002,19896,41555
2009,10,01003,41929,95552
2009,10,01004,4114,10569
2009,10,01051,26096,137057
2009,10,01053,14624,52191
2009,10,01054,118529,663116
2009,10,01055,97614,477290
2009,10,01056,18581,42779
2009,10,01057,16503,68632
2009,10,01058,35888,151306
2009,10,01059,27644,82785
2009,10,01060,20332,60978
2009,10,01061,4066,9702
2009,10,01062,12896,25314
2009,11,01001,6172,10934
2009,11,01002,19554,36529
2009,11,01003,37131,71377
2009,11,01004,3506,7925
2009,11,01051,9155,39977
2009,11,01053,9761,37259
2009,11,01054,43128,260452
2009,11,01055,44020,168311
2009,11,01056,13490,25790
2009,11,01057,8500,32395
2009,11,01058,23715,91898
2009,11,01059,16536,30812
2009,11,01060,18107,50356
2009,11,01061,3038,5651
2009,11,01062,11215,20101
2009,12,01001,5939,10204
2009,12,01002,15927,28895
2009,12,01003,43547,86196
2009,12,01004,2613,6113
2009,12,01051,8738,32725
2009,12,01053,7064,29139
2009,12,01054,49239,246896
2009,12,01055,43654,163647
2009,12,01056,12027,24422
2009,12,01057,7509,30318
2009,12,01058,18210,73848
2009,12,01059,14697,33236
2009,12,01060,14204,41144
2009,12,01061,2350,4851
2009,12,01062,9702,17258
2010,01,01001,4007,7026
2010,01,01002,13311,24711
2010,01,01003,21435,49947
2010,01,01004,2924,6015
2010,01,01051,4269,18279
2010,01,01053,6215,28572
2010,01,01054,29867,190066
2010,01,01055,23182,115000
2010,01,01056,10515,21119
2010,01,01057,4598,20619
2010,01,01058,16163,68023
2010,01,01059,10068,21388
2010,01,01060,12070,39082
2010,01,01061,2163,4394
2010,01,01062,8808,15064
2010,02,01001,4831,8754
2010,02,01002,15775,28639
2010,02,01003,23994,49590
2010,02,01004,3409,7231
2010,02,01051,6150,20506
2010,02,01053,7301,30815
2010,02,01054,38934,199418
2010,02,01055,35280,138802
2010,02,01056,11002,20843
2010,02,01057,6190,23146
2010,02,01058,21088,81904
2010,02,01059,12969,24788
2010,02,01060,13538,39937
2010,02,01061,2605,5007
2010,02,01062,9193,15896
2010,03,01001,6405,10766
2010,03,01002,18066,34406
2010,03,01003,33935,70572
2010,03,01004,3624,8202
2010,03,01051,13098,54258
2010,03,01053,10113,39590
2010,03,01054,69714,356400
2010,03,01055,61959,247382
2010,03,01056,14784,30139
2010,03,01057,9093,38813
2010,03,01058,26917,101258
2010,03,01059,18994,39487
2010,03,01060,17401,49230
2010,03,01061,3160,6571
2010,03,01062,11364,20054
2010,04,01001,7066,13353
2010,04,01002,17939,33827
2010,04,01003,43057,88827
2010,04,01004,3485,7633
2010,04,01051,20718,99631
2010,04,01053,12245,44793
2010,04,01054,93389,527137
2010,04,01055,89976,376970
2010,04,01056,18378,39892
2010,04,01057,13265,55272
2010,04,01058,31201,123172
2010,04,01059,26005,66691
2010,04,01060,18263,53787
2010,04,01061,3457,7422
2010,04,01062,12104,21856
2010,05,01001,10065,17054
2010,05,01002,26951,50075
2010,05,01003,52853,117519
2010,05,01004,4145,8526
2010,05,01051,28693,141304
2010,05,01053,19081,59207
2010,05,01054,133350,746270
2010,05,01055,118611,532141
2010,05,01056,25502,59148
2010,05,01057,22886,87069
2010,05,01058,41113,155739
2010,05,01059,37209,106548
2010,05,01060,22798,62846
2010,05,01061,5620,13668
2010,05,01062,15728,27445
2010,06,01001,10430,18403
2010,06,01002,31038,59956
2010,06,01003,53995,118595
2010,06,01004,4587,9909
2010,06,01051,28067,146414
2010,06,01053,20426,59545
2010,06,01054,131444,806933
2010,06,01055,126616,649978
2010,06,01056,25353,59747
2010,06,01057,26788,111773
2010,06,01058,44149,171532
2010,06,01059,38693,117645
2010,06,01060,22856,61894
2010,06,01061,5786,11775
2010,06,01062,17376,30823
2010,07,01001,14414,23195
2010,07,01002,32206,60958
2010,07,01003,74687,165191
2010,07,01004,5265,9560
2010,07,01051,36826,224144
2010,07,01053,21392,70823
2010,07,01054,163798,1141735
2010,07,01055,170120,1030171
2010,07,01056,26447,69887
2010,07,01057,34520,175974
2010,07,01058,47167,233300
2010,07,01059,46510,183855
2010,07,01060,23912,72555
2010,07,01061,6351,13536
2010,07,01062,15547,31276
2010,08,01001,13382,21826
2010,08,01002,31274,61716
2010,08,01003,66258,157256
2010,08,01004,5385,10101
2010,08,01051,35708,225812
2010,08,01053,21134,69758
2010,08,01054,154494,1144299
2010,08,01055,146840,942404
2010,08,01056,27119,69593
2010,08,01057,29281,162510
2010,08,01058,43654,224753
2010,08,01059,43305,174481
2010,08,01060,23860,72579
2010,08,01061,6182,13502
2010,08,01062,15762,30390
2010,09,01001,9705,17722
2010,09,01002,26483,52439
2010,09,01003,53174,115724
2010,09,01004,5008,11738
2010,09,01051,29613,158129
2010,09,01053,18083,55182
2010,09,01054,132821,802072
2010,09,01055,104274,552162
2010,09,01056,23627,55056
2010,09,01057,21727,91839
2010,09,01058,40644,158024
2010,09,01059,34191,107513
2010,09,01060,24194,65015
2010,09,01061,5075,10674
2010,09,01062,16926,29859
2010,10,01001,9406,17229
2010,10,01002,20727,41649
2010,10,01003,45375,101367
2010,10,01004,4023,9979
2010,10,01051,24238,120091
2010,10,01053,14028,51141
2010,10,01054,115202,650847
2010,10,01055,104988,480865
2010,10,01056,19941,45252
2010,10,01057,16642,68712
2010,10,01058,34778,147498
2010,10,01059,27026,79591
2010,10,01060,20177,59298
2010,10,01061,4008,8593
2010,10,01062,13646,25450
2010,11,01001,8396,13949
2010,11,01002,20181,38223
2010,11,01003,39982,79010
2010,11,01004,3929,9328
2010,11,01051,8604,33691
2010,11,01053,10009,36880
2010,11,01054,43606,258797
2010,11,01055,51665,188335
2010,11,01056,14944,29331
2010,11,01057,8760,33113
2010,11,01058,24501,88513
2010,11,01059,17698,36951
2010,11,01060,19494,53664
2010,11,01061,3274,6842
2010,11,01062,13297,23157
2010,12,01001,7186,11769
2010,12,01002,17704,33141
2010,12,01003,42793,85239
2010,12,01004,2545,5992
2010,12,01051,7605,25916
2010,12,01053,7149,28121
2010,12,01054,45680,232070
2010,12,01055,44987,158019
2010,12,01056,11795,23223
2010,12,01057,6613,28473
2010,12,01058,16854,66501
2010,12,01059,12613,28891
2010,12,01060,13328,39766
2010,12,01061,2207,4909
2010,12,01062,9963,17520
2011,01,01001,4667,8656
2011,01,01002,13225,26339
2011,01,01003,23614,52607
2011,01,01004,3139,7067
2011,01,01051,4921,18866
2011,01,01053,6635,29129
2011,01,01054,31276,181297
2011,01,01055,33616,137739
2011,01,01056,11297,23657
2011,01,01057,5341,24088
2011,01,01058,16576,65340
2011,01,01059,9725,20987
2011,01,01060,12849,39696
2011,01,01061,2049,4821
2011,01,01062,9111,16081
2011,02,01001,5683,10085
2011,02,01002,16057,30113
2011,02,01003,25416,51039
2011,02,01004,3759,9198
2011,02,01051,6179,18489
2011,02,01053,7558,30001
2011,02,01054,38453,192371
2011,02,01055,42976,154834
2011,02,01056,12040,23285
2011,02,01057,6898,23996
2011,02,01058,21318,80434
2011,02,01059,12922,26356
2011,02,01060,15400,43573
2011,02,01061,2643,5677
2011,02,01062,10413,19492
2011,03,01001,7095,12933
2011,03,01002,20167,39258
2011,03,01003,34852,72708
2011,03,01004,3854,10024
2011,03,01051,11474,41781
2011,03,01053,9872,37448
2011,03,01054,63393,321529
2011,03,01055,59182,216844
2011,03,01056,15267,31498
2011,03,01057,9218,33683
2011,03,01058,24862,91638
2011,03,01059,17031,37324
2011,03,01060,18423,51769
2011,03,01061,3209,7103
2011,03,01062,11660,22969
2011,04,01001,9134,16799
2011,04,01002,21797,42567
2011,04,01003,48474,105595
2011,04,01004,3654,9107
2011,04,01051,23816,113011
2011,04,01053,13639,48165
2011,04,01054,111792,595658
2011,04,01055,112925,471980
2011,04,01056,20452,46470
2011,04,01057,17073,66656
2011,04,01058,32667,127997
2011,04,01059,26333,76103
2011,04,01060,18980,55198
2011,04,01061,4082,8641
2011,04,01062,12827,24978
2011,05,01001,10016,18020
2011,05,01002,30794,55851
2011,05,01003,52265,111344
2011,05,01004,4138,10283
2011,05,01051,25973,124988
2011,05,01053,19886,57059
2011,05,01054,117292,662414
2011,05,01055,104574,488653
2011,05,01056,26766,58985
2011,05,01057,21314,81162
2011,05,01058,39701,137611
2011,05,01059,33828,91139
2011,05,01060,25412,64914
2011,05,01061,5092,9988
2011,05,01062,18720,33329
2011,06,01001,11258,20035
2011,06,01002,34974,66528
2011,06,01003,57087,128570
2011,06,01004,4976,11453
2011,06,01051,31210,165287
2011,06,01053,22256,62708
2011,06,01054,146192,868876
2011,06,01055,140196,700853
2011,06,01056,27083,67062
2011,06,01057,30494,120121
2011,06,01058,48801,185777
2011,06,01059,41627,131858
2011,06,01060,24359,64502
2011,06,01061,5370,13007
2011,06,01062,17650,33745
2011,07,01001,15687,25961
2011,07,01002,33200,61517
2011,07,01003,72468,162838
2011,07,01004,4672,10139
2011,07,01051,37201,221770
2011,07,01053,20248,68389
2011,07,01054,160246,1114775
2011,07,01055,162131,970748
2011,07,01056,26938,70195
2011,07,01057,30667,168087
2011,07,01058,45162,228935
2011,07,01059,46045,187483
2011,07,01060,24471,71434
2011,07,01061,5542,13244
2011,07,01062,15603,32845
2011,08,01001,13403,23369
2011,08,01002,34248,64543
2011,08,01003,67379,161309
2011,08,01004,5168,10930
2011,08,01051,35761,225199
2011,08,01053,20641,72323
2011,08,01054,150455,1115434
2011,08,01055,142627,934419
2011,08,01056,27675,70152
2011,08,01057,28410,160361
2011,08,01058,44173,224170
2011,08,01059,44317,174607
2011,08,01060,25786,71212
2011,08,01061,5811,12650
2011,08,01062,16227,32391
2011,09,01001,10656,19284
2011,09,01002,29114,56392
2011,09,01003,57914,124496
2011,09,01004,5016,11653
2011,09,01051,29555,154924
2011,09,01053,19132,60621
2011,09,01054,131582,775474
2011,09,01055,114761,554184
2011,09,01056,24603,58037
2011,09,01057,23522,96902
2011,09,01058,40001,156264
2011,09,01059,36966,102846
2011,09,01060,24548,62163
2011,09,01061,4923,10726
2011,09,01062,16096,30328
2011,10,01001,9424,16447
2011,10,01002,23597,46045
2011,10,01003,49024,109917
2011,10,01004,3664,9172
2011,10,01051,25417,129239
2011,10,01053,14356,51066
2011,10,01054,112406,619870
2011,10,01055,107923,494322
2011,10,01056,20685,50278
2011,10,01057,17324,72326
2011,10,01058,34438,148278
2011,10,01059,28581,83168
2011,10,01060,20373,58580
2011,10,01061,3614,7867
2011,10,01062,13652,26306
2011,11,01001,8423,13992
2011,11,01002,21071,40989
2011,11,01003,43524,86209
2011,11,01004,4132,10449
2011,11,01051,10078,38774
2011,11,01053,11163,39179
2011,11,01054,47373,268467
2011,11,01055,58823,208148
2011,11,01056,14576,31255
2011,11,01057,9174,33237
2011,11,01058,23118,93221
2011,11,01059,20674,42316
2011,11,01060,18707,49974
2011,11,01061,3252,6816
2011,11,01062,13780,25351
2011,12,01001,8065,12878
2011,12,01002,18608,35129
2011,12,01003,47035,94515
2011,12,01004,3082,7507
2011,12,01051,8253,27860
2011,12,01053,7975,31287
2011,12,01054,46095,218474
2011,12,01055,47720,169164
2011,12,01056,12534,26977
2011,12,01057,7802,31567
2011,12,01058,17048,70208
2011,12,01059,15009,33736
2011,12,01060,14078,38927
2011,12,01061,2275,4903
2011,12,01062,11042,21786
2012,01,01001,5275,9527
2012,01,01002,15160,29398
2012,01,01003,26113,57864
2012,01,01004,3234,7530
2012,01,01051,5299,20261
2012,01,01053,7133,31218
2012,01,01054,32252,182449
2012,01,01055,33382,141154
2012,01,01056,11503,24028
2012,01,01057,5949,25032
2012,01,01058,16668,65808
2012,01,01059,11453,22603
2012,01,01060,13005,45947
2012,01,01061,2005,4570
2012,01,01062,9527,17914
2012,02,01001,5975,10067
2012,02,01002,17325,32974
2012,02,01003,28501,57931
2012,02,01004,3825,9247
2012,02,01051,6971,21229
2012,02,01053,7917,31577
2012,02,01054,40235,205615
2012,02,01055,45972,172395
2012,02,01056,12758,24840
2012,02,01057,7278,25372
2012,02,01058,18939,72366
2012,02,01059,16196,31690
2012,02,01060,15880,43977
2012,02,01061,2336,5424
2012,02,01062,10804,21246
2012,03,01001,7844,13420
2012,03,01002,19940,39157
2012,03,01003,38587,80371
2012,03,01004,4357,9288
2012,03,01051,13520,47852
2012,03,01053,11016,41299
2012,03,01054,74327,360829
2012,03,01055,71592,266250
2012,03,01056,16235,33150
2012,03,01057,11149,43569
2012,03,01058,26146,94398
2012,03,01059,22607,45674
2012,03,01060,18700,49379
2012,03,01061,3111,7174
2012,03,01062,13122,24644
2012,04,01001,9484,17015
2012,04,01002,20328,39054
2012,04,01003,47860,105242
2012,04,01004,3849,9468
2012,04,01051,21796,104464
2012,04,01053,13717,48364
2012,04,01054,103874,577480
2012,04,01055,104985,467347
2012,04,01056,20807,49065
2012,04,01057,16188,70067
2012,04,01058,29430,117881
2012,04,01059,29974,78334
2012,04,01060,18985,54675
2012,04,01061,3635,8520
2012,04,01062,14153,27200
2012,05,01001,10623,19444
2012,05,01002,29701,54381
2012,05,01003,54625,118090
2012,05,01004,4810,10194
2012,05,01051,28276,137855
2012,05,01053,23133,61809
2012,05,01054,128615,715430
2012,05,01055,115926,541955
2012,05,01056,27499,63687
2012,05,01057,23676,91898
2012,05,01058,41775,150335
2012,05,01059,38928,108007
2012,05,01060,24149,63991
2012,05,01061,4733,10850
2012,05,01062,16984,32968
2012,06,01001,11612,20329
2012,06,01002,32668,61685
2012,06,01003,59066,131687
2012,06,01004,4843,10426
2012,06,01051,28119,149713
2012,06,01053,19539,56970
2012,06,01054,126305,786638
2012,06,01055,122917,642003
2012,06,01056,27097,62857
2012,06,01057,27842,114365
2012,06,01058,43557,164809
2012,06,01059,41112,116564
2012,06,01060,24070,64091
2012,06,01061,4665,9527
2012,06,01062,17641,33937
2012,07,01001,15855,26305
2012,07,01002,31903,61412
2012,07,01003,71301,167858
2012,07,01004,5095,8578
2012,07,01051,34571,208322
2012,07,01053,20718,69693
2012,07,01054,150023,1050813
2012,07,01055,148011,945967
2012,07,01056,25807,67568
2012,07,01057,29869,161887
2012,07,01058,42142,200453
2012,07,01059,45870,176197
2012,07,01060,25177,73971
2012,07,01061,5183,11351
2012,07,01062,16006,35071
2012,08,01001,14135,25133
2012,08,01002,35919,68995
2012,08,01003,71851,175257
2012,08,01004,5580,11647
2012,08,01051,34279,210022
2012,08,01053,21676,70663
2012,08,01054,152519,1058992
2012,08,01055,149331,949678
2012,08,01056,30166,73582
2012,08,01057,30852,153906
2012,08,01058,45989,206546
2012,08,01059,47225,168016
2012,08,01060,28969,76491
2012,08,01061,5347,12410
2012,08,01062,19354,39776
2012,09,01001,10720,19103
2012,09,01002,29756,58893
2012,09,01003,58339,133029
2012,09,01004,5076,11906
2012,09,01051,29011,150254
2012,09,01053,19675,57453
2012,09,01054,134074,767976
2012,09,01055,111002,559403
2012,09,01056,26726,58133
2012,09,01057,23851,98812
2012,09,01058,40490,150032
2012,09,01059,36954,101761
2012,09,01060,25738,67107
2012,09,01061,4773,10426
2012,09,01062,18000,34067
2012,10,01001,9684,16341
2012,10,01002,22589,44904
2012,10,01003,47973,109634
2012,10,01004,4427,9368
2012,10,01051,23276,120804
2012,10,01053,14524,48922
2012,10,01054,108636,624775
2012,10,01055,102084,487978
2012,10,01056,19873,45931
2012,10,01057,16066,69422
2012,10,01058,27533,119290
2012,10,01059,25877,75801
2012,10,01060,20166,56793
2012,10,01061,3197,7540
2012,10,01062,14267,27887
2012,11,01001,9091,14692
2012,11,01002,23693,44015
2012,11,01003,42337,86314
2012,11,01004,4959,10617
2012,11,01051,11293,45793
2012,11,01053,11169,36639
2012,11,01054,49003,274813
2012,11,01055,59226,229541
2012,11,01056,16305,31984
2012,11,01057,9813,38111
2012,11,01058,23328,90402
2012,11,01059,19306,37329
2012,11,01060,19589,53270
2012,11,01061,2746,6217
2012,11,01062,14279,25019
2012,12,01001,8381,13644
2012,12,01002,19901,38653
2012,12,01003,49084,103750
2012,12,01004,3395,6959
2012,12,01051,8531,34009
2012,12,01053,7733,28501
2012,12,01054,47629,235444
2012,12,01055,47178,195225
2012,12,01056,13153,26801
2012,12,01057,8047,35071
2012,12,01058,15624,67242
2012,12,01059,15986,34703
2012,12,01060,14804,41321
2012,12,01061,2286,5496
2012,12,01062,11043,21336
2013,01,01001,5388,10994
2013,01,01002,14780,27916
2013,01,01003,24935,57746
2013,01,01004,3606,7779
2013,01,01051,5559,22686
2013,01,01053,6848,26848
2013,01,01054,32266,185455
2013,01,01055,34499,150397
2013,01,01056,11834,25176
2013,01,01057,6400,26925
2013,01,01058,14678,58244
2013,01,01059,11592,25258
2013,01,01060,13621,41474
2013,01,01061,1996,5529
2013,01,01062,9485,18428
2013,02,01001,7187,12550
2013,02,01002,16375,32608
2013,02,01003,27291,57840
2013,02,01004,4705,9697
2013,02,01051,7410,26181
2013,02,01053,8412,30869
2013,02,01054,43259,224245
2013,02,01055,50265,196903
2013,02,01056,12883,25608
2013,02,01057,8032,28907
2013,02,01058,17638,70052
2013,02,01059,16641,32029
2013,02,01060,14534,42436
2013,02,01061,2570,5426
2013,02,01062,10266,20410
2013,03,01001,8651,16467
2013,03,01002,19302,41251
2013,03,01003,36682,88483
2013,03,01004,4559,9139
2013,03,01051,16035,67026
2013,03,01053,9690,39181
2013,03,01054,81527,426542
2013,03,01055,81754,337148
2013,03,01056,15828,35222
2013,03,01057,12059,48374
2013,03,01058,22931,94572
2013,03,01059,21771,51820
2013,03,01060,17999,53989
2013,03,01061,2611,5847
2013,03,01062,12410,23786
2013,04,01001,8844,16323
2013,04,01002,21811,42060
2013,04,01003,40746,91201
2013,04,01004,5283,10625
2013,04,01051,16860,79340
2013,04,01053,12860,42672
2013,04,01054,82666,435756
2013,04,01055,79580,334556
2013,04,01056,20543,43856
2013,04,01057,13935,52712
2013,04,01058,26350,96344
2013,04,01059,24885,59752
2013,04,01060,21106,59774
2013,04,01061,3635,7361
2013,04,01062,15560,28937
2013,05,01001,12217,22326
2013,05,01002,31696,60580
2013,05,01003,55303,126460
2013,05,01004,5517,11437
2013,05,01051,29339,144461
2013,05,01053,21255,61378
2013,05,01054,134819,728995
2013,05,01055,126579,564138
2013,05,01056,27729,65766
2013,05,01057,24930,95385
2013,05,01058,37878,135432
2013,05,01059,39877,112372
2013,05,01060,26858,72632
2013,05,01061,4925,9958
2013,05,01062,20190,38895
2013,06,01001,13079,23118
2013,06,01002,33543,66581
2013,06,01003,55926,134706
2013,06,01004,6767,12565
2013,06,01051,27678,138335
2013,06,01053,19851,59114
2013,06,01054,131576,774362
2013,06,01055,124513,616838
2013,06,01056,26304,62913
2013,06,01057,26155,110716
2013,06,01058,39070,146843
2013,06,01059,38766,110983
2013,06,01060,26059,70091
2013,06,01061,5059,10308
2013,06,01062,20020,40558
2013,07,01001,17499,29078
2013,07,01002,34429,68368
2013,07,01003,76938,184261
2013,07,01004,6583,11588
2013,07,01051,36878,206957
2013,07,01053,20668,71055
2013,07,01054,161325,1068932
2013,07,01055,161695,981052
2013,07,01056,26744,70484
2013,07,01057,33247,176197
2013,07,01058,43086,202356
2013,07,01059,48072,174636
2013,07,01060,27641,79396
2013,07,01061,5678,11808
2013,07,01062,19439,42075
2013,08,01001,15220,28754
2013,08,01002,38440,74153
2013,08,01003,74819,184967
2013,08,01004,7874,15478
2013,08,01051,36100,212239
2013,08,01053,24897,73917
2013,08,01054,159504,1092255
2013,08,01055,155276,954313
2013,08,01056,29210,74078
2013,08,01057,33710,164396
2013,08,01058,44911,199875
2013,08,01059,49412,172879
2013,08,01060,31400,82211
2013,08,01061,5932,15102
2013,08,01062,21966,43908
2013,09,01001,11697,23397
2013,09,01002,29594,59520
2013,09,01003,54949,133078
2013,09,01004,7447,15247
2013,09,01051,28420,148190
2013,09,01053,19488,60150
2013,09,01054,131599,762096
2013,09,01055,112230,572626
2013,09,01056,25391,59822
2013,09,01057,23760,96581
2013,09,01058,35846,137627
2013,09,01059,36171,97061
2013,09,01060,25758,69683
2013,09,01061,4871,10650
2013,09,01062,20125,37929
2013,10,01001,9964,18433
2013,10,01002,24341,51440
2013,10,01003,47760,115350
2013,10,01004,6152,12789
2013,10,01051,24460,121640
2013,10,01053,14547,51617
2013,10,01054,115118,635644
2013,10,01055,110868,507560
2013,10,01056,20028,48263
2013,10,01057,17658,74060
2013,10,01058,30800,124445
2013,10,01059,29959,81655
2013,10,01060,22321,63629
2013,10,01061,4136,9037
2013,10,01062,14848,29467
2013,11,01001,9628,16584
2013,11,01002,22457,44955
2013,11,01003,42975,87835
2013,11,01004,5414,11755
2013,11,01051,10614,44794
2013,11,01053,11964,38613
2013,11,01054,54229,281136
2013,11,01055,64409,236315
2013,11,01056,16095,33741
2013,11,01057,10252,37072
2013,11,01058,23351,89986
2013,11,01059,20415,40478
2013,11,01060,21184,55105
2013,11,01061,3355,6994
2013,11,01062,14411,26099
2013,12,01001,9889,15904
2013,12,01002,20839,38590
2013,12,01003,52157,109553
2013,12,01004,4561,9416
2013,12,01051,9498,38582
2013,12,01053,8612,31050
2013,12,01054,54176,253503
2013,12,01055,49568,196201
2013,12,01056,13810,30089
2013,12,01057,8094,32664
2013,12,01058,16041,62965
2013,12,01059,17025,38149
2013,12,01060,13788,40274
2013,12,01061,2511,4994
2013,12,01062,11620,21680
2014,01,01001,6267,10973
2014,01,01002,16276,32835
2014,01,01003,24553,56827
2014,01,01004,4635,9969
2014,01,01051,6325,27090
2014,01,01053,7690,29155
2014,01,01054,38134,195150
2014,01,01055,38796,164612
2014,01,01056,11991,26398
2014,01,01057,7260,29625
2014,01,01058,15383,59745
2014,01,01059,12706,28354
2014,01,01060,13624,39313
2014,01,01061,2141,5461
2014,01,01062,10243,19117
2014,02,01001,7482,13301
2014,02,01002,19724,40129
2014,02,01003,27826,62487
2014,02,01004,5197,11519
2014,02,01051,8155,28717
2014,02,01053,8825,33056
2014,02,01054,49811,230473
2014,02,01055,52949,204878
2014,02,01056,13207,29018
2014,02,01057,9027,33506
2014,02,01058,18768,73381
2014,02,01059,17286,35163
2014,02,01060,14360,42785
2014,02,01061,2749,5909
2014,02,01062,10889,21459
2014,03,01001,8587,16091
2014,03,01002,21307,46487
2014,03,01003,35008,81727
2014,03,01004,5537,11748
2014,03,01051,12400,52964
2014,03,01053,10993,40257
2014,03,01054,73345,358694
2014,03,01055,68075,264111
2014,03,01056,17018,37725
2014,03,01057,12326,45620
2014,03,01058,23582,91198
2014,03,01059,20710,44314
2014,03,01060,17336,51316
2014,03,01061,3394,7439
2014,03,01062,13127,24937
2014,04,01001,10111,20006
2014,04,01002,24572,51705
2014,04,01003,45389,115155
2014,04,01004,5196,11363
2014,04,01051,24711,114209
2014,04,01053,15331,50448
2014,04,01054,114476,594870
2014,04,01055,109862,479953
2014,04,01056,21980,52603
2014,04,01057,18634,74174
2014,04,01058,30675,119774
2014,04,01059,30400,82732
2014,04,01060,19371,57626
2014,04,01061,3836,8449
2014,04,01062,15442,29500
2014,05,01001,13511,24710
2014,05,01002,32832,65484
2014,05,01003,56564,135981
2014,05,01004,6164,12249
2014,05,01051,27837,123738
2014,05,01053,20993,61087
2014,05,01054,128806,670606
2014,05,01055,121381,527929
2014,05,01056,28470,65728
2014,05,01057,24405,92435
2014,05,01058,40056,139181
2014,05,01059,36131,98334
2014,05,01060,25855,70810
2014,05,01061,5252,10116
2014,05,01062,21557,39713
2014,06,01001,13913,24318
2014,06,01002,34689,68883
2014,06,01003,60855,144666
2014,06,01004,7502,13886
2014,06,01051,28985,148449
2014,06,01053,26359,70092
2014,06,01054,144371,809329
2014,06,01055,139503,672134
2014,06,01056,27932,65852
2014,06,01057,29949,114785
2014,06,01058,45542,159602
2014,06,01059,40084,115560
2014,06,01060,25499,68200
2014,06,01061,5512,11550
2014,06,01062,21345,39123
2014,07,01001,18124,31501
2014,07,01002,36579,72513
2014,07,01003,75067,184803
2014,07,01004,7843,14383
2014,07,01051,35273,196488
2014,07,01053,24390,74387
2014,07,01054,157723,991623
2014,07,01055,157639,926218
2014,07,01056,27354,71571
2014,07,01057,34184,163381
2014,07,01058,48030,198192
2014,07,01059,45693,166591
2014,07,01060,26805,77887
2014,07,01061,6595,14493
2014,07,01062,20063,41953
2014,08,01001,15980,28829
2014,08,01002,38421,76472
2014,08,01003,76159,203042
2014,08,01004,7657,15700
2014,08,01051,40021,244570
2014,08,01053,25905,76531
2014,08,01054,170965,1150922
2014,08,01055,166001,1070728
2014,08,01056,28665,74045
2014,08,01057,36019,194654
2014,08,01058,50095,226754
2014,08,01059,46479,181124
2014,08,01060,26881,80351
2014,08,01061,6475,14470
2014,08,01062,21806,42248
2014,09,01001,12210,22947
2014,09,01002,30054,57115
2014,09,01003,57555,142408
2014,09,01004,7318,15793
2014,09,01051,30474,169228
2014,09,01053,23173,64074
2014,09,01054,142354,800677
2014,09,01055,119049,616848
2014,09,01056,27774,64960
2014,09,01057,24699,102740
2014,09,01058,41738,150082
2014,09,01059,35475,104540
2014,09,01060,25840,73082
2014,09,01061,5737,11619
2014,09,01062,19376,36659
2014,10,01001,12255,22545
2014,10,01002,27347,53110
2014,10,01003,51484,126800
2014,10,01004,7364,15577
2014,10,01051,26996,137172
2014,10,01053,18299,59674
2014,10,01054,121352,647640
2014,10,01055,121467,536848
2014,10,01056,22816,54872
2014,10,01057,18149,74157
2014,10,01058,36166,141340
2014,10,01059,31024,87793
2014,10,01060,23128,66557
2014,10,01061,4129,9521
2014,10,01062,17985,34226
2014,11,01001,10502,18611
2014,11,01002,25188,48336
2014,11,01003,43747,98340
2014,11,01004,6002,11903
2014,11,01051,12805,56932
2014,11,01053,13253,42024
2014,11,01054,61015,312408
2014,11,01055,73438,271651
2014,11,01056,15990,33903
2014,11,01057,11119,38671
2014,11,01058,25178,97613
2014,11,01059,21151,42285
2014,11,01060,18854,54819
2014,11,01061,3602,6888
2014,11,01062,15516,27529
2014,12,01001,11233,19684
2014,12,01002,23228,44855
2014,12,01003,55059,118589
2014,12,01004,4817,10049
2014,12,01051,10455,42029
2014,12,01053,9076,31860
2014,12,01054,57185,276699
2014,12,01055,57185,217943
2014,12,01056,14381,30200
2014,12,01057,8805,35373
2014,12,01058,19170,70954
2014,12,01059,17871,39800
2014,12,01060,15517,43805
2014,12,01061,2487,5390
2014,12,01062,12258,23795
2015,01,01001,6563,13454
2015,01,01002,16604,33376
2015,01,01003,27088,64897
2015,01,01004,4997,9903
2015,01,01051,7263,31955
2015,01,01053,8435,33629
2015,01,01054,40455,212246
2015,01,01055,39833,172855
2015,01,01056,12279,26568
2015,01,01057,6771,29921
2015,01,01058,16540,64009
2015,01,01059,12050,27729
2015,01,01060,13327,40766
2015,01,01061,1935,4425
2015,01,01062,9990,19532
2015,02,01001,8243,15820
2015,02,01002,19514,40958
2015,02,01003,30636,72684
2015,02,01004,5681,11624
2015,02,01051,8921,33502
2015,02,01053,9328,34573
2015,02,01054,56118,255718
2015,02,01055,54021,211727
2015,02,01056,13514,27779
2015,02,01057,8521,33673
2015,02,01058,19965,78611
2015,02,01059,16988,34629
2015,02,01060,15213,46221
2015,02,01061,2822,6355
2015,02,01062,11703,22506
2015,03,01001,10327,18632
2015,03,01002,23227,51435
2015,03,01003,41999,99828
2015,03,01004,6753,12563
2015,03,01051,16046,68221
2015,03,01053,11859,43092
2015,03,01054,84271,405244
2015,03,01055,81593,309643
2015,03,01056,17840,36498
2015,03,01057,13307,50586
2015,03,01058,27181,102666
2015,03,01059,23605,50723
2015,03,01060,19038,54494
2015,03,01061,3524,8011
2015,03,01062,15243,27699
2015,04,01001,11492,21710
2015,04,01002,23735,48844
2015,04,01003,47422,114121
2015,04,01004,5859,11765
2015,04,01051,23440,110695
2015,04,01053,15193,50608
2015,04,01054,102605,540318
2015,04,01055,106258,458181
2015,04,01056,22208,47736
2015,04,01057,16069,63630
2015,04,01058,29325,115964
2015,04,01059,29000,73736
2015,04,01060,20106,58928
2015,04,01061,3677,8972
2015,04,01062,15841,30340
2015,05,01001,14702,26952
2015,05,01002,32574,64598
2015,05,01003,62611,147936
2015,05,01004,7156,13633
2015,05,01051,31945,149971
2015,05,01053,23437,67301
2015,05,01054,139101,720237
2015,05,01055,144895,612031
2015,05,01056,29335,63983
2015,05,01057,26950,101325
2015,05,01058,44682,156196
2015,05,01059,40558,108722
2015,05,01060,25236,68572
2015,05,01061,5854,12334
2015,05,01062,19509,36148
2015,06,01001,14957,27208
2015,06,01002,35555,71070
2015,06,01003,64560,150402
2015,06,01004,7992,15097
2015,06,01051,30525,157216
2015,06,01053,22517,60386
2015,06,01054,136088,784159
2015,06,01055,139368,678906
2015,06,01056,28971,65918
2015,06,01057,28309,114079
2015,06,01058,45450,155733
2015,06,01059,40179,106645
2015,06,01060,24553,68079
2015,06,01061,5104,11796
2015,06,01062,21435,37779
2015,07,01001,22372,36071
2015,07,01002,41030,78622
2015,07,01003,89156,211548
2015,07,01004,9296,17316
2015,07,01051,38490,221505
2015,07,01053,26791,76197
2015,07,01054,156071,1018625
2015,07,01055,171016,1007657
2015,07,01056,30055,71932
2015,07,01057,34293,167961
2015,07,01058,55005,230416
2015,07,01059,50636,176452
2015,07,01060,29533,77972
2015,07,01061,6230,13625
2015,07,01062,22642,42884
2015,08,01001,18221,30371
2015,08,01002,38934,76009
2015,08,01003,84494,214728
2015,08,01004,8404,16597
2015,08,01051,41240,244029
2015,08,01053,25164,81166
2015,08,01054,162834,1112639
2015,08,01055,176670,1070004
2015,08,01056,29899,71458
2015,08,01057,35044,187719
2015,08,01058,52990,236748
2015,08,01059,47606,179565
2015,08,01060,26962,79827
2015,08,01061,5776,13472
2015,08,01062,20153,40464
2015,09,01001,14509,26312
2015,09,01002,31018,62303
2015,09,01003,62788,154925
2015,09,01004,7575,16488
2015,09,01051,33085,177468
2015,09,01053,22022,60469
2015,09,01054,136095,787687
2015,09,01055,121893,623824
2015,09,01056,27335,61427
2015,09,01057,24644,102412
2015,09,01058,44355,161486
2015,09,01059,36699,106849
2015,09,01060,26118,71951
2015,09,01061,5081,11598
2015,09,01062,21095,37236
2015,10,01001,14353,23155
2015,10,01002,27944,54764
2015,10,01003,57003,141342
2015,10,01004,7031,14630
2015,10,01051,29854,145212
2015,10,01053,17097,56728
2015,10,01054,121766,661112
2015,10,01055,134474,587340
2015,10,01056,22399,51575
2015,10,01057,19855,81559
2015,10,01058,37526,146830
2015,10,01059,32205,88057
2015,10,01060,22171,64743
2015,10,01061,3993,8508
2015,10,01062,17744,32972
2015,11,01001,12429,22047
2015,11,01002,25383,48736
2015,11,01003,49092,106134
2015,11,01004,6291,11956
2015,11,01051,12772,51332
2015,11,01053,13464,43089
2015,11,01054,60431,317482
2015,11,01055,73966,269328
2015,11,01056,16281,33161
2015,11,01057,11526,41382
2015,11,01058,25604,96416
2015,11,01059,21847,42676
2015,11,01060,20627,56939
2015,11,01061,3776,7359
2015,11,01062,16277,32156
2015,12,01001,12600,21072
2015,12,01002,24510,45711
2015,12,01003,60246,129353
2015,12,01004,5188,9571
2015,12,01051,12334,47093
2015,12,01053,9541,33101
2015,12,01054,62353,291353
2015,12,01055,63558,230636
2015,12,01056,14707,32579
2015,12,01057,9812,39076
2015,12,01058,20359,75326
2015,12,01059,20109,43592
2015,12,01060,15521,45756
2015,12,01061,2882,5157
2015,12,01062,11929,24610
2016,01,01001,7180,14712
2016,01,01002,16905,34647
2016,01,01003,30806,79171
2016,01,01004,4849,9441
2016,01,01051,8115,33695
2016,01,01053,7854,31053
2016,01,01054,44247,241452
2016,01,01055,47263,188596
2016,01,01056,12470,28604
2016,01,01057,6579,30844
2016,01,01058,18136,70044
2016,01,01059,12235,27155
2016,01,01060,13976,42916
2016,01,01061,2100,3973
2016,01,01062,10651,20280
2016,02,01001,9254,18053
2016,02,01002,21862,40406
2016,02,01003,36591,84864
2016,02,01004,6251,11890
2016,02,01051,10573,37988
2016,02,01053,9972,35426
2016,02,01054,59981,279840
2016,02,01055,66873,240970
2016,02,01056,14649,29136
2016,02,01057,8794,33166
2016,02,01058,22818,82224
2016,02,01059,17677,36238
2016,02,01060,17351,49423
2016,02,01061,2778,5451
2016,02,01062,12517,24468
2016,03,01001,11033,21148
2016,03,01002,22764,46846
2016,03,01003,47329,118814
2016,03,01004,6030,12452
2016,03,01051,21113,95412
2016,03,01053,12133,45408
2016,03,01054,96943,487952
2016,03,01055,107838,442733
2016,03,01056,18131,40588
2016,03,01057,15470,58661
2016,03,01058,30932,118172
2016,03,01059,24318,62119
2016,03,01060,18029,53215
2016,03,01061,3330,7028
2016,03,01062,13358,26257
2016,04,01001,12296,23005
2016,04,01002,25277,48765
2016,04,01003,47640,109796
2016,04,01004,6325,12968
2016,04,01051,21220,93709
2016,04,01053,14476,48273
2016,04,01054,90648,472049
2016,04,01055,96423,375251
2016,04,01056,22100,48189
2016,04,01057,15276,53293
2016,04,01058,31275,114793
2016,04,01059,26450,64184
2016,04,01060,20620,57666
2016,04,01061,4410,8072
2016,04,01062,16553,30153
2016,05,01001,14279,28034
2016,05,01002,32164,60357
2016,05,01003,61680,149610
2016,05,01004,6375,12557
2016,05,01051,34165,161781
2016,05,01053,26332,68271
2016,05,01054,141583,749437
2016,05,01055,151238,643725
2016,05,01056,28884,64514
2016,05,01057,28501,103587
2016,05,01058,46480,161864
2016,05,01059,41299,113339
2016,05,01060,26039,69385
2016,05,01061,5979,11301
2016,05,01062,18634,35015
2016,06,01001,14916,25932
2016,06,01002,35449,68233
2016,06,01003,64949,152841
2016,06,01004,7685,14423
2016,06,01051,31078,160577
2016,06,01053,22489,62835
2016,06,01054,137419,795089
2016,06,01055,144528,692631
2016,06,01056,29032,65591
2016,06,01057,29063,117141
2016,06,01058,49496,173147
2016,06,01059,39837,112906
2016,06,01060,24744,65887
2016,06,01061,5777,12155
2016,06,01062,20724,37296
2016,07,01001,21393,33678
2016,07,01002,45491,79893
2016,07,01003,86666,211223
2016,07,01004,9839,15847
2016,07,01051,42507,230721
2016,07,01053,25098,75573
2016,07,01054,169583,1061822
2016,07,01055,184325,1069509
2016,07,01056,29743,70752
2016,07,01057,39198,188125
2016,07,01058,60030,243364
2016,07,01059,53395,182676
2016,07,01060,31015,77145
2016,07,01061,6372,13160
2016,07,01062,22364,42627
2016,08,01001,18081,31073
2016,08,01002,39295,75606
2016,08,01003,77937,199295
2016,08,01004,7553,14582
2016,08,01051,41536,248514
2016,08,01053,23044,74239
2016,08,01054,160356,1129446
2016,08,01055,165549,1052366
2016,08,01056,29441,72056
2016,08,01057,33934,190888
2016,08,01058,52240,241060
2016,08,01059,47657,182829
2016,08,01060,28053,79044
2016,08,01061,6038,13651
2016,08,01062,20589,41276
2016,09,01001,14489,25910
2016,09,01002,34198,64834
2016,09,01003,68381,164670
2016,09,01004,7882,15007
2016,09,01051,34264,172082
2016,09,01053,22858,66313
2016,09,01054,149265,829875
2016,09,01055,144637,682727
2016,09,01056,29180,64603
2016,09,01057,29545,114635
2016,09,01058,47351,169731
2016,09,01059,39484,111933
2016,09,01060,28465,73936
2016,09,01061,5549,11066
2016,09,01062,22114,40381
2016,10,01001,13924,24147
2016,10,01002,28674,56974
2016,10,01003,58276,147026
2016,10,01004,6918,12148
2016,10,01051,30777,149856
2016,10,01053,17183,58143
2016,10,01054,134803,713960
2016,10,01055,143042,643272
2016,10,01056,24622,56145
2016,10,01057,21406,88046
2016,10,01058,38982,157422
2016,10,01059,31304,92829
2016,10,01060,22226,64752
2016,10,01061,5051,10000
2016,10,01062,16800,32822
2016,11,01001,12577,20417
2016,11,01002,25745,47601
2016,11,01003,49984,107903
2016,11,01004,6901,13804
2016,11,01051,13560,54575
2016,11,01053,13059,44224
2016,11,01054,61965,323153
2016,11,01055,72062,263317
2016,11,01056,17843,36647
2016,11,01057,11090,39173
2016,11,01058,26639,97355
2016,11,01059,22018,45081
2016,11,01060,21170,56156
2016,11,01061,3429,7997
2016,11,01062,16368,29428
2016,12,01001,12508,19626
2016,12,01002,25376,46315
2016,12,01003,60804,127853
2016,12,01004,5559,12060
2016,12,01051,12405,49622
2016,12,01053,9877,34959
2016,12,01054,65147,290003
2016,12,01055,69590,250714
2016,12,01056,15286,36656
2016,12,01057,9642,38048
2016,12,01058,20950,76229
2016,12,01059,21218,46929
2016,12,01060,16707,47505
2016,12,01061,2971,6310
2016,12,01062,14527,27418
2017,01,01001,8530,14059
2017,01,01002,17835,35192
2017,01,01003,32381,76418
2017,01,01004,5243,11383
2017,01,01051,8783,34815
2017,01,01053,8277,33954
2017,01,01054,47079,246474
2017,01,01055,53887,211738
2017,01,01056,12492,25713
2017,01,01057,6405,29566
2017,01,01058,17393,68501
2017,01,01059,13119,29490
2017,01,01060,13636,41528
2017,01,01061,2554,5853
2017,01,01062,11771,21623
2017,02,01001,10451,16651
2017,02,01002,20708,40392
2017,02,01003,36120,83318
2017,02,01004,5713,12604
2017,02,01051,11382,39921
2017,02,01053,9576,35769
2017,02,01054,58815,273836
2017,02,01055,69117,245569
2017,02,01056,13540,27269
2017,02,01057,8586,33046
2017,02,01058,20969,84791
2017,02,01059,17277,35751
2017,02,01060,15507,45110
2017,02,01061,3261,8600
2017,02,01062,12377,23767
2017,03,01001,12518,20709
2017,03,01002,24786,54481
2017,03,01003,45439,101956
2017,03,01004,6474,14041
2017,03,01051,16977,68856
2017,03,01053,12248,44831
2017,03,01054,84399,405946
2017,03,01055,91956,327061
2017,03,01056,18008,37157
2017,03,01057,12994,43865
2017,03,01058,28432,107259
2017,03,01059,22183,48090
2017,03,01060,18368,53230
2017,03,01061,3444,7805
2017,03,01062,14964,28866
2017,04,01001,15261,25094
2017,04,01002,25932,53703
2017,04,01003,56229,135674
2017,04,01004,7048,14814
2017,04,01051,29180,131787
2017,04,01053,16062,55413
2017,04,01054,124315,634236
2017,04,01055,137092,566284
2017,04,01056,23758,52155
2017,04,01057,19277,79378
2017,04,01058,35392,142187
2017,04,01059,33084,89767
2017,04,01060,22580,62067
2017,04,01061,3703,8514
2017,04,01062,15859,31396
2017,05,01001,16158,28071
2017,05,01002,32034,63650
2017,05,01003,61685,144166
2017,05,01004,7606,16009
2017,05,01051,31791,149551
2017,05,01053,22939,66156
2017,05,01054,137205,723272
2017,05,01055,139177,597750
2017,05,01056,28810,63260
2017,05,01057,24966,94258
2017,05,01058,46528,162972
2017,05,01059,39229,106422
2017,05,01060,28258,71619
2017,05,01061,4637,9203
2017,05,01062,20101,40683
2017,06,01001,17827,30070
2017,06,01002,37210,75087
2017,06,01003,71411,168953
2017,06,01004,8405,18273
2017,06,01051,35498,177086
2017,06,01053,24708,69700
2017,06,01054,155503,878234
2017,06,01055,165427,791888
2017,06,01056,28744,72737
2017,06,01057,32922,132173
2017,06,01058,55860,195481
2017,06,01059,46146,129439
2017,06,01060,29396,72648
2017,06,01061,6143,12608
2017,06,01062,22442,41921
2017,07,01001,23779,39109
2017,07,01002,44062,84367
2017,07,01003,88730,218425
2017,07,01004,11002,22534
2017,07,01051,44495,238871
2017,07,01053,27050,79905
2017,07,01054,180784,1153252
2017,07,01055,194603,1109611
2017,07,01056,30569,76341
2017,07,01057,40519,201075
2017,07,01058,61566,249220
2017,07,01059,56330,190458
2017,07,01060,33347,84969
2017,07,01061,7080,15018
2017,07,01062,22857,49122
2017,08,01001,20672,34616
2017,08,01002,39048,79222
2017,08,01003,77318,197919
2017,08,01004,8324,17453
2017,08,01051,42015,250440
2017,08,01053,23377,76003
2017,08,01054,177215,1281275
2017,08,01055,170216,1057800
2017,08,01056,28902,71434
2017,08,01057,37239,220726
2017,08,01058,52843,242299
2017,08,01059,49984,186592
2017,08,01060,28527,80606
2017,08,01061,6327,14114
2017,08,01062,20276,43820
2017,09,01001,17544,30272
2017,09,01002,34818,71119
2017,09,01003,69728,168536
2017,09,01004,8576,18179
2017,09,01051,37785,190835
2017,09,01053,23623,69292
2017,09,01054,176028,991582
2017,09,01055,158833,746743
2017,09,01056,30014,65229
2017,09,01057,32234,134849
2017,09,01058,50401,181169
2017,09,01059,42601,117773
2017,09,01060,28974,71102
2017,09,01061,5833,11743
2017,09,01062,21459,41249
2017,10,01001,15954,26019
2017,10,01002,27342,59308
2017,10,01003,59593,145863
2017,10,01004,7643,16425
2017,10,01051,33559,160113
2017,10,01053,16698,57262
2017,10,01054,150667,825455
2017,10,01055,153763,685525
2017,10,01056,20989,48453
2017,10,01057,22504,106287
2017,10,01058,39323,162116
2017,10,01059,33453,93356
2017,10,01060,22391,63050
2017,10,01061,4489,9527
2017,10,01062,15418,32180
2017,11,01001,14889,23401
2017,11,01002,26020,55123
2017,11,01003,50776,108258
2017,11,01004,7573,15124
2017,11,01051,16222,64317
2017,11,01053,13594,45137
2017,11,01054,70786,373223
2017,11,01055,83433,299050
2017,11,01056,16612,33462
2017,11,01057,13120,54752
2017,11,01058,27466,104896
2017,11,01059,24191,48312
2017,11,01060,22044,58475
2017,11,01061,4184,8461
2017,11,01062,15651,31191
2017,12,01001,15403,23607
2017,12,01002,27471,54083
2017,12,01003,63946,134611
2017,12,01004,6506,13016
2017,12,01051,14759,55160
2017,12,01053,9748,33479
2017,12,01054,78468,376804
2017,12,01055,82025,298208
2017,12,01056,15439,32239
2017,12,01057,12070,52664
2017,12,01058,23183,86449
2017,12,01059,22025,51027
2017,12,01060,17241,47674
2017,12,01061,2995,6162
2017,12,01062,13441,27307
2018,01,01001,8714,14458
2018,01,01002,19219,42934
2018,01,01003,33759,80306
2018,01,01004,6398,13763
2018,01,01051,10952,38757
2018,01,01053,8870,36163
2018,01,01054,52831,288815
2018,01,01055,57820,220951
2018,01,01056,12537,26685
2018,01,01057,8996,43749
2018,01,01058,21065,78760
2018,01,01059,14504,32785
2018,01,01060,15118,46987
2018,01,01061,2738,6135
2018,01,01062,11137,21808
2018,02,01001,10508,17374
2018,02,01002,22844,49039
2018,02,01003,37893,87046
2018,02,01004,6557,13168
2018,02,01051,14147,47801
2018,02,01053,9671,37208
2018,02,01054,68731,332981
2018,02,01055,81339,298218
2018,02,01056,14042,28273
2018,02,01057,10520,45691
2018,02,01058,22929,88353
2018,02,01059,18136,41139
2018,02,01060,16583,49090
2018,02,01061,2589,5764
2018,02,01062,12175,23533
2018,03,01001,14010,24014
2018,03,01002,26017,56228
2018,03,01003,50381,123467
2018,03,01004,7177,13496
2018,03,01051,25345,98814
2018,03,01053,11170,45198
2018,03,01054,118370,601700
2018,03,01055,135405,524841
2018,03,01056,18907,40053
2018,03,01057,17591,72229
2018,03,01058,31806,124781
2018,03,01059,27826,67013
2018,03,01060,19495,56914
2018,03,01061,3789,8178
2018,03,01062,14151,27338
2018,04,01001,12812,22863
2018,04,01002,26677,57019
2018,04,01003,51333,121839
2018,04,01004,6721,13728
2018,04,01051,25864,113609
2018,04,01053,15540,51459
2018,04,01054,117277,636976
2018,04,01055,131868,535942
2018,04,01056,23953,54022
2018,04,01057,20139,85822
2018,04,01058,33783,130638
2018,04,01059,30175,81342
2018,04,01060,23423,63982
2018,04,01061,4253,10748
2018,04,01062,16900,32337
2018,05,01001,17176,30677
2018,05,01002,37489,79752
2018,05,01003,70232,170515
2018,05,01004,8058,16152
2018,05,01051,38896,176145
2018,05,01053,25245,73707
2018,05,01054,183506,1028827
2018,05,01055,202000,922178
2018,05,01056,30404,66523
2018,05,01057,35574,146155
2018,05,01058,51761,185278
2018,05,01059,46484,136972
2018,05,01060,27768,71376
2018,05,01061,6263,12353
2018,05,01062,19842,37182
2018,06,01001,18556,31725
2018,06,01002,41664,83974
2018,06,01003,73393,177361
2018,06,01004,8635,17883
2018,06,01051,36142,175398
2018,06,01053,24593,70898
2018,06,01054,187015,1071449
2018,06,01055,193931,963032
2018,06,01056,31373,68314
2018,06,01057,36763,157834
2018,06,01058,56804,197124
2018,06,01059,48365,139615
2018,06,01060,32027,76730
2018,06,01061,6489,13216
2018,06,01062,22436,41009
2018,07,01001,22590,37358
2018,07,01002,46488,88945
2018,07,01003,91340,232760
2018,07,01004,11304,19180
2018,07,01051,45886,250473
2018,07,01053,23914,77761
2018,07,01054,213864,1487623
2018,07,01055,242873,1524954
2018,07,01056,31027,73843
2018,07,01057,43550,245799
2018,07,01058,59699,253920
2018,07,01059,56840,212653
2018,07,01060,33090,82863
2018,07,01061,7421,15254
2018,07,01062,22140,44912
2018,08,01001,20217,35121
2018,08,01002,43268,85617
2018,08,01003,86068,222774
2018,08,01004,9677,18285
2018,08,01051,43424,262066
2018,08,01053,23765,74072
2018,08,01054,204135,1459954
2018,08,01055,212528,1364776
2018,08,01056,31388,78285
2018,08,01057,39387,219996
2018,08,01058,56158,245031
2018,08,01059,51404,194856
2018,08,01060,33215,84512
2018,08,01061,6915,15282
2018,08,01062,21959,42625
2018,09,01001,15977,28846
2018,09,01002,35605,76572
2018,09,01003,70186,178123
2018,09,01004,8470,17682
2018,09,01051,41244,211924
2018,09,01053,22037,68185
2018,09,01054,190896,1099070
2018,09,01055,182726,902800
2018,09,01056,30277,69390
2018,09,01057,32799,143410
2018,09,01058,50595,182934
2018,09,01059,42119,123486
2018,09,01060,30786,76090
2018,09,01061,6528,13574
2018,09,01062,21317,39989
2018,10,01001,15605,25716
2018,10,01002,30005,65655
2018,10,01003,64036,165608
2018,10,01004,7115,15469
2018,10,01051,35207,176979
2018,10,01053,16812,57537
2018,10,01054,148583,861458
2018,10,01055,168430,789869
2018,10,01056,23273,54977
2018,10,01057,22637,104981
2018,10,01058,38811,164486
2018,10,01059,33142,104897
2018,10,01060,25004,67807
2018,10,01061,5032,11071
2018,10,01062,16256,32764
2018,11,01001,15787,26000
2018,11,01002,28202,59823
2018,11,01003,57334,119971
2018,11,01004,7676,16099
2018,11,01051,17353,67814
2018,11,01053,13251,46617
2018,11,01054,75034,387620
2018,11,01055,94858,319634
2018,11,01056,17871,37949
2018,11,01057,13019,53118
2018,11,01058,28777,110703
2018,11,01059,24993,54432
2018,11,01060,23580,60826
2018,11,01061,4441,8879
2018,11,01062,14986,27861
2018,12,01001,15764,26951
2018,12,01002,28297,59830
2018,12,01003,67206,147676
2018,12,01004,5903,12980
2018,12,01051,17129,67432
2018,12,01053,9667,36082
2018,12,01054,82115,415198
2018,12,01055,91542,348609
2018,12,01056,14876,34517
2018,12,01057,12171,53301
2018,12,01058,23837,91855
2018,12,01059,23099,58720
2018,12,01060,17937,48551
2018,12,01061,3294,6781
2018,12,01062,12866,25306